Age,Attrition,Department,DistanceFromHome,Education,EducationField,EnvironmentSatisfaction,JobSatisfaction,MaritalStatus,MonthlyIncome,NumCompaniesWorked,WorkLifeBalance,YearsAtCompany
41,Yes,Sales,1,2,Life Sciences,2,4,Single,5993,8,1,6
49,No,Research & Development,8,1,Life Sciences,3,2,Married,5130,1,3,10
37,Yes,Research & Development,2,2,Other,4,3,Single,2090,6,3,0
33,No,Research & Development,3,4,Life Sciences,4,3,Married,2909,1,3,8
27,No,Research & Development,2,1,Medical,1,2,Married,3468,9,3,2
32,No,Research & Development,2,2,Life Sciences,4,4,Single,3068,0,2,7
59,No,Research & Development,3,3,Medical,3,1,Married,2670,4,2,1
30,No,Research & Development,24,1,Life Sciences,4,3,Divorced,2693,1,3,1
38,No,Research & Development,23,3,Life Sciences,4,3,Single,9526,0,3,9
36,No,Research & Development,27,3,Medical,3,3,Married,5237,6,2,7
35,No,Research & Development,16,3,Medical,1,2,Married,2426,0,3,5
29,No,Research & Development,15,2,Life Sciences,4,3,Single,4193,0,3,9
31,No,Research & Development,26,1,Life Sciences,1,3,Divorced,2911,1,2,5
34,No,Research & Development,19,2,Medical,2,4,Divorced,2661,0,3,2
28,Yes,Research & Development,24,3,Life Sciences,3,3,Single,2028,5,3,4
29,No,Research & Development,21,4,Life Sciences,2,1,Divorced,9980,1,3,10
32,No,Research & Development,5,2,Life Sciences,1,2,Divorced,3298,0,2,6
22,No,Research & Development,16,2,Medical,4,4,Divorced,2935,1,2,1
53,No,Sales,2,4,Life Sciences,1,4,Married,15427,2,3,25
38,No,Research & Development,2,3,Life Sciences,4,4,Single,3944,5,3,3
24,No,Research & Development,11,2,Other,1,3,Divorced,4011,0,2,4
36,Yes,Sales,9,4,Life Sciences,3,1,Single,3407,7,3,5
34,No,Research & Development,7,4,Life Sciences,1,2,Single,11994,0,3,12
21,No,Research & Development,15,2,Life Sciences,3,4,Single,1232,1,3,0
34,Yes,Research & Development,6,1,Medical,2,1,Single,2960,2,3,4
53,No,Research & Development,5,3,Other,3,3,Divorced,19094,4,2,14
32,Yes,Research & Development,16,1,Life Sciences,2,1,Single,3919,1,3,10
42,No,Sales,8,4,Marketing,3,2,Married,6825,0,3,9
44,No,Research & Development,7,4,Medical,1,4,Married,10248,3,3,22
46,No,Sales,2,4,Marketing,2,1,Single,18947,3,2,2
33,No,Research & Development,2,3,Medical,3,4,Single,2496,4,3,1
44,No,Research & Development,10,4,Other,4,4,Married,6465,2,4,4
30,No,Research & Development,9,2,Medical,4,3,Single,2206,1,3,10
39,Yes,Sales,5,3,Technical Degree,4,4,Married,2086,3,4,1
24,Yes,Research & Development,1,3,Medical,2,4,Married,2293,2,2,2
43,No,Research & Development,2,2,Medical,4,3,Divorced,2645,1,2,5
50,Yes,Sales,3,2,Marketing,1,3,Married,2683,1,3,3
35,No,Sales,2,3,Marketing,4,4,Married,2014,1,3,2
36,No,Research & Development,5,4,Life Sciences,2,1,Married,3419,9,4,1
33,No,Sales,1,3,Life Sciences,3,1,Married,5376,2,3,5
35,No,Research & Development,4,2,Other,3,4,Divorced,1951,1,3,1
27,No,Research & Development,2,4,Life Sciences,4,1,Divorced,2341,1,3,1
26,Yes,Research & Development,25,3,Life Sciences,1,3,Single,2293,1,2,1
27,No,Sales,8,3,Life Sciences,4,3,Single,8726,1,3,9
30,No,Research & Development,1,2,Medical,3,4,Single,4011,1,3,12
41,Yes,Research & Development,12,3,Technical Degree,2,3,Married,19545,1,3,22
34,No,Sales,23,4,Marketing,2,3,Single,4568,0,3,9
37,No,Research & Development,19,2,Life Sciences,2,2,Married,3022,4,3,1
46,No,Sales,5,4,Marketing,1,4,Single,5772,4,3,9
35,No,Research & Development,8,1,Life Sciences,4,4,Married,2269,1,3,1
48,Yes,Research & Development,1,2,Life Sciences,1,3,Single,5381,9,3,1
28,Yes,Research & Development,5,4,Technical Degree,3,3,Single,3441,1,2,2
44,No,Sales,1,5,Marketing,2,1,Divorced,5454,5,2,4
35,No,Research & Development,11,2,Medical,3,1,Married,9884,2,3,4
26,No,Sales,23,3,Marketing,3,4,Married,4157,7,2,2
33,No,Research & Development,1,2,Life Sciences,1,4,Single,13458,1,3,15
35,No,Sales,18,5,Life Sciences,2,1,Married,9069,1,2,9
35,No,Research & Development,23,4,Medical,3,1,Married,4014,3,3,2
31,No,Research & Development,7,4,Life Sciences,4,4,Divorced,5915,3,2,7
37,No,Research & Development,1,4,Life Sciences,1,3,Divorced,5993,1,4,7
32,No,Research & Development,1,3,Medical,1,4,Married,6162,1,3,9
38,No,Research & Development,29,5,Life Sciences,4,4,Single,2406,1,3,10
50,No,Research & Development,7,2,Medical,2,3,Divorced,18740,5,2,27
59,No,Sales,25,3,Life Sciences,1,1,Single,7637,7,2,21
36,No,Research & Development,8,3,Technical Degree,3,3,Divorced,10096,1,3,17
55,No,Research & Development,8,3,Medical,4,3,Divorced,14756,2,3,5
36,No,Research & Development,11,3,Life Sciences,2,2,Single,6499,1,3,6
45,No,Research & Development,7,3,Life Sciences,2,1,Divorced,9724,2,3,1
35,No,Research & Development,1,3,Medical,2,1,Married,2194,4,2,3
36,Yes,Research & Development,9,3,Medical,4,3,Married,3388,0,2,1
59,No,Sales,1,1,Life Sciences,1,3,Single,5473,7,2,4
29,No,Research & Development,2,3,Life Sciences,3,2,Married,2703,0,3,5
31,No,Research & Development,1,4,Medical,3,2,Single,2501,1,3,1
32,No,Research & Development,1,3,Life Sciences,2,2,Married,6220,1,3,10
36,No,Research & Development,6,3,Life Sciences,2,4,Married,3038,3,3,1
31,No,Research & Development,8,4,Life Sciences,3,4,Single,4424,1,3,11
35,No,Sales,1,4,Marketing,3,1,Single,4312,0,3,15
45,No,Research & Development,6,4,Other,4,1,Married,13245,4,4,0
37,No,Research & Development,7,4,Medical,1,3,Single,13664,4,4,5
46,No,Human Resources,5,2,Medical,2,2,Divorced,5021,8,3,4
30,No,Research & Development,1,1,Life Sciences,4,4,Married,5126,1,2,10
35,No,Research & Development,1,3,Medical,2,3,Single,2859,1,3,6
55,No,Sales,1,2,Life Sciences,1,4,Married,10239,3,3,1
38,No,Research & Development,6,3,Medical,2,4,Divorced,5329,7,3,13
34,No,Research & Development,1,2,Medical,1,2,Married,4325,1,3,5
56,No,Research & Development,7,3,Life Sciences,4,4,Single,7260,4,2,6
23,No,Sales,2,1,Technical Degree,3,1,Divorced,2322,3,3,0
51,No,Research & Development,9,4,Life Sciences,4,4,Married,2075,3,3,4
30,No,Research & Development,2,3,Life Sciences,3,4,Married,4152,1,3,11
46,Yes,Sales,9,2,Medical,3,4,Single,9619,1,3,9
40,No,Research & Development,1,4,Life Sciences,3,2,Married,13503,1,2,22
51,No,Sales,21,4,Marketing,3,4,Single,5441,0,1,10
30,No,Sales,4,2,Medical,3,2,Divorced,5209,1,2,11
46,No,Research & Development,1,3,Medical,3,1,Married,10673,2,2,10
32,No,Sales,6,4,Medical,2,3,Single,5010,1,3,11
54,No,Research & Development,2,4,Technical Degree,1,3,Married,13549,9,1,4
24,No,Sales,3,2,Other,1,3,Married,4999,0,2,3
28,No,Sales,4,3,Medical,2,3,Married,4221,1,4,5
58,No,Sales,10,4,Medical,4,3,Single,13872,0,2,37
44,No,Research & Development,23,3,Medical,2,2,Married,2042,4,4,3
37,Yes,Human Resources,6,4,Human Resources,3,1,Divorced,2073,4,3,3
32,No,Research & Development,1,1,Life Sciences,4,1,Single,2956,1,3,1
20,Yes,Research & Development,6,3,Life Sciences,4,4,Single,2926,1,3,1
34,No,Research & Development,6,4,Other,1,3,Single,4809,1,3,16
37,No,Research & Development,2,2,Life Sciences,3,4,Divorced,5163,5,4,1
59,No,Human Resources,2,4,Human Resources,3,4,Married,18844,9,3,3
50,No,Research & Development,1,3,Life Sciences,1,2,Married,18172,3,2,8
25,Yes,Sales,5,3,Marketing,3,3,Single,5744,1,3,6
25,No,Research & Development,7,1,Medical,4,4,Married,2889,1,3,2
22,No,Research & Development,15,3,Medical,2,4,Single,2871,1,3,0
51,No,Research & Development,1,4,Medical,1,1,Single,7484,3,2,13
34,Yes,Research & Development,7,3,Life Sciences,1,3,Single,6074,1,3,9
54,No,Human Resources,26,3,Human Resources,4,4,Single,17328,2,3,5
24,No,Research & Development,18,1,Life Sciences,2,3,Married,2774,0,3,5
34,No,Research & Development,6,4,Life Sciences,3,2,Divorced,4505,6,3,1
37,No,Sales,3,3,Life Sciences,3,4,Single,7428,2,3,5
34,No,Research & Development,5,3,Medical,3,1,Single,11631,2,3,11
36,No,Sales,11,2,Technical Degree,2,4,Married,9738,0,3,9
36,No,Research & Development,3,2,Life Sciences,1,4,Divorced,2835,5,3,1
43,No,Sales,26,2,Life Sciences,3,4,Married,16959,1,4,25
30,No,Research & Development,23,3,Life Sciences,1,3,Divorced,2613,1,2,10
33,No,Sales,22,2,Marketing,3,2,Married,6146,0,4,7
56,Yes,Research & Development,14,4,Life Sciences,2,2,Married,4963,9,3,5
51,No,Research & Development,6,3,Life Sciences,1,3,Single,19537,7,3,20
31,Yes,Sales,6,4,Life Sciences,2,3,Married,6172,4,2,7
26,No,Research & Development,6,3,Other,3,2,Married,2368,1,2,5
58,Yes,Research & Development,23,4,Medical,4,4,Married,10312,1,2,40
19,Yes,Sales,22,1,Marketing,4,3,Single,1675,1,2,0
22,No,Research & Development,2,1,Technical Degree,3,4,Married,2523,0,3,2
49,No,Research & Development,20,4,Medical,3,1,Married,6567,1,2,15
43,No,Research & Development,28,3,Medical,2,3,Single,4739,4,3,3
50,No,Sales,12,3,Marketing,3,4,Single,9208,4,3,2
31,Yes,Sales,20,3,Life Sciences,2,3,Married,4559,3,3,2
41,No,Sales,9,1,Life Sciences,3,3,Divorced,8189,3,3,9
26,No,Human Resources,25,1,Life Sciences,3,3,Married,2942,1,3,8
36,No,Research & Development,6,2,Medical,2,2,Divorced,4941,6,3,3
51,Yes,Research & Development,8,4,Life Sciences,1,4,Single,10650,2,3,4
39,No,Sales,4,4,Life Sciences,4,3,Married,5902,4,4,15
25,No,Sales,28,3,Life Sciences,1,3,Married,8639,2,3,2
30,No,Human Resources,9,3,Human Resources,3,4,Married,6347,0,1,11
32,Yes,Research & Development,9,3,Medical,1,1,Single,4200,7,4,5
45,No,Research & Development,29,3,Medical,3,4,Single,3452,5,2,6
38,No,Research & Development,3,5,Technical Degree,4,3,Single,4317,3,3,3
30,No,Research & Development,18,3,Life Sciences,1,3,Single,2632,1,2,5
32,No,Sales,9,2,Medical,4,4,Divorced,4668,0,4,8
30,No,Research & Development,5,3,Technical Degree,4,1,Divorced,3204,5,3,3
30,No,Research & Development,2,1,Medical,2,4,Single,2720,0,3,5
41,No,Research & Development,10,3,Life Sciences,4,1,Divorced,17181,4,2,7
41,No,Research & Development,9,4,Life Sciences,3,1,Married,2238,2,3,5
19,No,Research & Development,3,1,Medical,2,2,Single,1483,1,3,1
40,No,Research & Development,26,3,Medical,2,2,Divorced,5605,1,3,20
35,No,Sales,1,5,Marketing,3,2,Married,7295,1,3,10
53,No,Sales,6,2,Marketing,2,3,Married,2306,2,1,7
45,No,Research & Development,9,3,Life Sciences,2,2,Divorced,2348,8,1,17
32,No,Sales,8,3,Marketing,2,4,Single,8998,1,3,9
29,No,Research & Development,1,1,Technical Degree,4,3,Married,4319,1,3,10
51,No,Research & Development,7,4,Medical,2,3,Married,6132,2,3,1
58,No,Research & Development,9,3,Medical,2,2,Married,3346,4,2,1
40,No,Sales,4,4,Marketing,3,4,Married,10855,7,2,12
34,No,Sales,2,4,Marketing,3,3,Married,2231,6,3,4
22,No,Research & Development,19,1,Medical,3,4,Married,2323,1,3,2
27,No,Research & Development,9,3,Medical,4,2,Divorced,2024,6,1,2
28,No,Research & Development,21,3,Medical,3,4,Married,2713,1,1,5
57,No,Research & Development,24,2,Life Sciences,3,4,Divorced,9439,3,1,5
27,No,Research & Development,3,3,Medical,3,3,Divorced,2566,1,2,1
50,No,Research & Development,11,3,Life Sciences,3,2,Single,19926,3,3,5
41,No,Research & Development,14,3,Life Sciences,1,3,Divorced,2451,4,3,9
30,No,Sales,5,3,Life Sciences,2,4,Married,9419,2,3,10
38,No,Sales,1,4,Life Sciences,1,4,Single,8686,4,4,8
32,No,Research & Development,6,5,Life Sciences,3,3,Single,3038,3,3,5
27,No,Research & Development,17,3,Technical Degree,3,2,Married,3058,0,2,5
19,Yes,Sales,1,1,Technical Degree,3,1,Single,2325,0,4,0
36,No,Research & Development,3,2,Medical,4,2,Single,2088,4,2,8
30,No,Research & Development,9,3,Medical,3,1,Divorced,3072,1,3,12
45,No,Sales,4,2,Life Sciences,3,1,Divorced,5006,4,4,5
56,No,Research & Development,8,3,Life Sciences,3,1,Divorced,4257,4,3,2
33,No,Research & Development,2,3,Life Sciences,3,4,Single,2500,0,4,3
19,Yes,Research & Development,2,3,Life Sciences,2,4,Single,1102,1,2,1
46,No,Sales,1,2,Marketing,2,1,Divorced,10453,1,3,24
38,No,Research & Development,9,2,Life Sciences,3,4,Single,2288,1,3,2
31,No,Research & Development,12,1,Medical,3,4,Married,3929,8,3,4
34,No,Research & Development,27,2,Medical,4,2,Single,2311,2,3,3
41,Yes,Sales,20,2,Marketing,2,2,Single,3140,1,2,4
50,No,Research & Development,1,3,Medical,3,3,Married,3690,2,2,3
53,No,Research & Development,13,2,Medical,4,1,Divorced,4450,1,3,4
33,No,Research & Development,14,3,Medical,4,2,Married,2756,1,3,8
40,No,Research & Development,4,1,Medical,4,3,Married,19033,1,3,20
55,No,Research & Development,14,4,Medical,3,2,Single,18722,8,3,24
34,No,Research & Development,2,1,Life Sciences,4,3,Married,9547,1,2,10
51,No,Research & Development,3,3,Medical,4,2,Single,13734,3,3,7
52,No,Research & Development,1,4,Life Sciences,3,3,Married,19999,0,3,33
27,No,Research & Development,9,3,Medical,4,2,Single,2279,1,2,7
35,Yes,Research & Development,23,2,Life Sciences,2,3,Married,5916,3,3,1
43,No,Research & Development,7,3,Medical,4,4,Divorced,2089,4,4,5
45,No,Research & Development,2,2,Medical,1,4,Married,16792,9,3,20
37,No,Research & Development,21,3,Life Sciences,2,1,Married,3564,1,2,8
35,No,Research & Development,2,3,Medical,2,2,Single,4425,5,3,6
42,No,Research & Development,21,2,Medical,3,3,Divorced,5265,2,3,5
38,No,Research & Development,2,4,Life Sciences,4,3,Married,6553,9,3,1
38,No,Research & Development,29,3,Technical Degree,4,4,Married,6261,3,1,7
27,No,Research & Development,1,1,Technical Degree,3,1,Married,4298,5,3,2
49,No,Research & Development,18,4,Life Sciences,4,4,Divorced,6804,1,3,7
34,No,Research & Development,10,4,Medical,4,3,Divorced,3815,1,4,5
40,No,Research & Development,19,2,Medical,3,4,Married,2741,8,4,7
38,Yes,Research & Development,29,1,Medical,2,1,Married,6673,7,3,1
29,Yes,Sales,27,3,Marketing,2,4,Married,7639,1,2,10
22,No,Research & Development,5,3,Life Sciences,4,2,Divorced,2328,1,2,4
36,No,Research & Development,18,1,Medical,2,4,Single,2153,1,3,8
40,No,Research & Development,9,5,Life Sciences,4,4,Married,4876,9,1,3
46,No,Research & Development,1,4,Medical,4,1,Divorced,9396,7,3,4
32,Yes,Sales,4,4,Medical,4,4,Married,10400,1,2,14
30,No,Research & Development,1,1,Life Sciences,3,3,Single,8474,1,3,11
27,No,Sales,20,3,Life Sciences,4,3,Single,9981,1,3,7
51,No,Research & Development,8,4,Life Sciences,2,2,Married,12490,5,1,10
30,Yes,Research & Development,3,3,Technical Degree,4,1,Single,2657,5,3,5
41,No,Sales,6,3,Life Sciences,4,4,Single,13591,3,3,1
30,Yes,Sales,26,4,Marketing,3,1,Single,6696,5,2,6
29,Yes,Research & Development,1,3,Technical Degree,3,3,Single,2058,0,2,6
45,No,Sales,6,3,Medical,4,4,Single,8865,6,3,19
54,No,Sales,3,3,Marketing,4,1,Married,5940,2,3,6
36,No,Research & Development,5,2,Life Sciences,4,2,Single,5914,8,4,13
33,No,Research & Development,4,4,Medical,3,2,Married,2622,6,3,3
37,No,Research & Development,11,3,Other,2,4,Divorced,12185,1,3,10
38,No,Sales,3,3,Life Sciences,1,3,Divorced,10609,0,2,16
31,No,Research & Development,1,4,Medical,3,3,Married,4345,0,3,5
59,No,Research & Development,3,3,Life Sciences,3,4,Married,2177,3,3,1
37,No,Sales,4,4,Marketing,1,4,Divorced,2793,4,3,9
29,No,Sales,1,1,Medical,2,4,Married,7918,1,3,11
35,No,Sales,1,3,Marketing,3,3,Single,8789,1,4,10
29,Yes,Research & Development,18,1,Medical,3,4,Single,2389,1,2,4
52,No,Research & Development,2,3,Life Sciences,3,4,Single,3212,7,2,2
42,No,Research & Development,4,2,Technical Degree,3,4,Married,19232,1,3,22
59,No,Human Resources,6,2,Medical,2,3,Married,2267,8,2,2
50,No,Sales,1,4,Medical,4,4,Divorced,19517,3,2,7
33,Yes,Research & Development,14,3,Medical,3,4,Married,2436,5,1,5
43,No,Sales,16,3,Marketing,4,4,Married,16064,5,3,17
33,Yes,Research & Development,2,2,Life Sciences,1,1,Married,2707,7,4,9
52,No,Sales,2,4,Life Sciences,1,3,Single,19068,1,4,33
32,No,Sales,4,2,Life Sciences,3,2,Married,3931,2,3,4
32,Yes,Research & Development,1,3,Life Sciences,4,3,Single,3730,0,1,3
39,No,Research & Development,1,4,Medical,3,3,Divorced,2232,7,3,3
32,No,Sales,26,4,Marketing,3,4,Married,4465,0,3,3
41,No,Research & Development,19,2,Life Sciences,3,1,Divorced,3072,2,2,1
40,No,Research & Development,24,2,Technical Degree,1,4,Divorced,3319,1,3,9
45,No,Research & Development,1,3,Other,3,4,Married,19202,0,3,24
31,No,Research & Development,3,4,Medical,2,3,Divorced,13675,9,3,2
33,No,Research & Development,5,4,Life Sciences,3,4,Married,2911,1,2,2
34,No,Research & Development,2,4,Life Sciences,4,1,Married,5957,6,3,11
37,No,Research & Development,1,2,Medical,3,1,Married,3920,2,2,3
45,No,Research & Development,7,4,Life Sciences,1,3,Married,6434,4,3,3
37,Yes,Research & Development,10,3,Medical,1,3,Divorced,10048,6,3,1
39,No,Research & Development,2,4,Technical Degree,3,3,Single,10938,0,3,19
29,No,Research & Development,15,3,Life Sciences,3,4,Single,2340,1,3,6
42,No,Research & Development,17,2,Life Sciences,4,1,Single,6545,3,3,3
29,No,Sales,20,2,Marketing,4,4,Divorced,6931,2,3,3
25,No,Research & Development,1,3,Life Sciences,1,3,Married,4898,0,3,4
42,No,Research & Development,2,3,Medical,4,1,Divorced,2593,0,3,9
40,No,Research & Development,2,2,Medical,1,3,Divorced,19436,0,3,21
51,No,Research & Development,1,3,Life Sciences,3,4,Married,2723,1,2,1
31,Yes,Research & Development,29,2,Medical,3,2,Single,3479,0,4,5
32,No,Research & Development,7,3,Life Sciences,2,2,Married,2794,1,1,5
38,No,Sales,2,2,Life Sciences,4,4,Married,5249,3,3,8
32,No,Research & Development,2,1,Technical Degree,4,1,Single,2176,4,3,6
46,No,Sales,2,3,Technical Degree,3,2,Married,16872,3,2,7
28,Yes,Research & Development,2,4,Life Sciences,1,3,Single,3485,2,1,0
29,No,Sales,2,3,Medical,1,2,Married,6644,2,3,0
31,No,Research & Development,23,3,Medical,2,4,Married,5582,0,3,9
25,No,Research & Development,5,2,Life Sciences,2,1,Divorced,4000,1,3,6
45,No,Research & Development,20,2,Medical,3,4,Married,13496,0,3,20
36,No,Research & Development,6,3,Life Sciences,4,4,Married,3210,0,3,15
55,No,Research & Development,1,3,Medical,4,1,Single,19045,0,3,36
47,Yes,Research & Development,29,4,Life Sciences,1,2,Married,11849,1,2,10
28,No,Research & Development,9,3,Medical,4,4,Married,2070,1,2,5
37,No,Sales,6,4,Medical,3,4,Married,6502,4,4,5
21,No,Research & Development,3,2,Medical,4,3,Single,3230,1,4,3
37,No,Research & Development,1,4,Medical,1,4,Divorced,13603,2,3,5
35,No,Research & Development,22,3,Life Sciences,2,2,Divorced,11996,7,2,7
38,No,Sales,7,2,Medical,1,1,Divorced,5605,1,3,8
26,No,Research & Development,1,3,Life Sciences,3,2,Divorced,6397,1,1,6
50,No,Research & Development,4,1,Life Sciences,1,2,Divorced,19144,3,2,10
53,No,Research & Development,3,4,Medical,3,3,Married,17584,3,2,5
42,No,Sales,1,1,Life Sciences,2,3,Married,4907,1,3,20
29,No,Sales,2,2,Life Sciences,2,4,Single,4554,1,2,10
55,No,Research & Development,20,2,Technical Degree,2,4,Married,5415,3,3,10
26,No,Research & Development,11,2,Medical,1,1,Married,4741,1,3,5
37,No,Research & Development,1,3,Life Sciences,4,4,Single,2115,1,3,17
44,Yes,Research & Development,24,3,Life Sciences,4,3,Divorced,3161,3,1,1
38,No,Research & Development,23,4,Life Sciences,4,4,Divorced,5745,9,3,2
26,Yes,Research & Development,16,4,Medical,1,2,Divorced,2373,2,3,3
28,No,Research & Development,8,2,Life Sciences,4,4,Single,3310,1,3,5
49,No,Research & Development,10,4,Life Sciences,3,1,Single,18665,9,3,3
36,No,Research & Development,3,3,Technical Degree,3,2,Single,4485,4,3,8
31,No,Sales,5,3,Marketing,4,2,Divorced,2789,1,2,2
26,Yes,Sales,4,4,Marketing,4,4,Single,5828,1,3,8
37,No,Research & Development,9,3,Medical,2,4,Married,2326,1,2,4
42,No,Sales,26,3,Marketing,3,2,Married,13525,5,4,20
18,Yes,Research & Development,3,3,Life Sciences,3,3,Single,1420,1,3,0
35,No,Sales,16,3,Marketing,3,2,Married,8020,0,2,11
36,No,Research & Development,18,4,Life Sciences,3,4,Married,3688,4,3,1
51,No,Research & Development,2,3,Medical,4,2,Divorced,5482,5,3,4
41,No,Sales,2,4,Life Sciences,4,2,Single,16015,1,3,22
18,No,Sales,10,3,Medical,4,3,Single,1200,1,3,0
28,No,Research & Development,16,2,Medical,2,1,Single,5661,0,3,8
31,No,Sales,7,3,Technical Degree,2,4,Married,6929,4,2,8
39,No,Research & Development,1,3,Medical,3,4,Divorced,9613,0,2,18
36,No,Research & Development,24,4,Life Sciences,2,2,Married,5674,7,3,9
32,No,Sales,7,3,Life Sciences,4,3,Married,5484,1,2,13
38,No,Research & Development,25,2,Life Sciences,1,2,Married,12061,3,3,10
58,No,Research & Development,1,4,Life Sciences,4,3,Divorced,5660,2,3,5
31,No,Research & Development,5,4,Technical Degree,3,4,Married,4821,0,3,5
31,No,Human Resources,2,3,Human Resources,1,1,Married,6410,3,3,2
45,No,Research & Development,7,3,Life Sciences,1,1,Divorced,5210,1,3,24
31,No,Research & Development,2,4,Life Sciences,3,4,Divorced,2695,0,1,2
33,No,Research & Development,5,4,Life Sciences,4,2,Married,11878,6,3,10
39,No,Research & Development,10,1,Medical,3,1,Married,17068,1,3,21
43,No,Research & Development,10,4,Life Sciences,3,4,Single,2455,0,3,8
49,No,Research & Development,1,2,Technical Degree,3,3,Single,13964,7,3,7
52,Yes,Research & Development,8,4,Medical,3,2,Married,4941,2,2,8
27,No,Research & Development,5,3,Life Sciences,3,2,Single,2478,1,2,4
32,No,Sales,8,2,Technical Degree,3,2,Married,5228,1,3,13
27,No,Sales,2,3,Life Sciences,4,3,Single,4478,1,3,5
31,No,Sales,7,3,Marketing,4,4,Divorced,7547,4,3,7
32,No,Research & Development,2,4,Medical,1,4,Single,5055,7,2,7
28,Yes,Research & Development,2,4,Medical,1,4,Married,3464,5,2,3
30,No,Research & Development,28,2,Medical,4,4,Married,5775,1,3,10
31,No,Research & Development,7,2,Life Sciences,3,3,Married,8943,1,3,10
39,No,Research & Development,7,2,Medical,3,4,Married,19272,1,3,21
39,Yes,Sales,3,2,Medical,4,3,Married,5238,4,2,1
33,No,Sales,10,3,Marketing,2,4,Single,4682,3,2,7
47,No,Research & Development,5,5,Life Sciences,4,3,Married,18300,4,3,3
43,No,Research & Development,10,4,Life Sciences,3,3,Divorced,5257,1,4,9
27,No,Sales,1,1,Marketing,3,2,Married,6349,0,3,5
54,No,Research & Development,20,4,Life Sciences,4,3,Single,4869,3,2,4
43,No,Research & Development,7,3,Life Sciences,3,1,Married,9985,8,2,1
45,No,Research & Development,8,4,Other,4,4,Married,3697,9,3,10
40,No,Sales,1,2,Medical,2,4,Married,7457,2,2,4
29,Yes,Research & Development,8,4,Other,2,1,Married,2119,1,2,7
29,No,Research & Development,9,5,Other,2,4,Single,3983,0,3,3
30,No,Sales,5,3,Marketing,4,3,Divorced,6118,1,3,10
27,No,Sales,8,4,Marketing,2,2,Married,6214,1,3,8
37,No,Research & Development,5,2,Medical,4,4,Divorced,6347,7,2,6
38,No,Research & Development,15,2,Life Sciences,3,4,Divorced,11510,0,3,11
31,No,Research & Development,7,4,Medical,3,4,Single,7143,1,2,11
29,No,Sales,10,1,Marketing,4,2,Divorced,8268,1,3,7
35,No,Research & Development,5,4,Technical Degree,3,2,Single,8095,0,3,16
23,No,Research & Development,26,1,Life Sciences,3,4,Divorced,2904,1,2,4
41,No,Research & Development,6,3,Medical,4,2,Single,6032,6,3,5
47,No,Sales,4,1,Medical,2,3,Single,2976,3,3,0
42,No,Research & Development,23,5,Life Sciences,1,4,Single,15992,2,3,1
29,No,Sales,2,3,Life Sciences,4,3,Married,4649,1,2,4
42,No,Human Resources,2,1,Technical Degree,3,3,Divorced,2696,0,3,3
32,No,Research & Development,2,3,Medical,3,2,Married,2370,1,3,8
48,No,Sales,29,1,Medical,1,3,Married,12504,3,1,0
37,No,Research & Development,6,3,Medical,3,1,Divorced,5974,4,3,7
30,No,Sales,25,2,Technical Degree,4,3,Married,4736,7,4,2
26,No,Sales,1,3,Life Sciences,3,3,Married,5296,1,3,8
42,No,Research & Development,2,4,Other,1,4,Single,6781,3,3,1
21,Yes,Sales,1,1,Technical Degree,1,2,Single,2174,1,3,3
36,No,Sales,1,5,Medical,4,4,Single,6653,4,3,1
36,No,Sales,3,4,Medical,1,4,Married,9699,4,3,13
57,No,Research & Development,1,4,Medical,4,3,Married,6755,2,3,3
40,No,Research & Development,10,4,Life Sciences,4,3,Married,2213,3,3,7
21,No,Sales,9,2,Medical,1,4,Single,2610,1,2,3
33,Yes,Sales,5,3,Marketing,4,3,Single,2851,1,3,1
37,No,Research & Development,10,3,Medical,3,1,Married,3452,6,3,5
46,No,Research & Development,7,4,Medical,3,3,Married,5258,2,4,1
41,Yes,Sales,4,3,Marketing,1,2,Single,9355,1,3,8
50,No,Research & Development,10,3,Technical Degree,4,4,Single,10496,6,3,4
40,Yes,Sales,22,2,Marketing,3,3,Married,6380,2,3,6
31,No,Research & Development,9,4,Life Sciences,3,2,Single,2657,0,3,2
21,Yes,Sales,12,3,Life Sciences,3,2,Single,2716,1,3,1
29,No,Research & Development,23,3,Life Sciences,4,4,Single,2201,9,3,3
35,No,Research & Development,9,4,Life Sciences,3,2,Single,6540,9,3,1
27,No,Research & Development,1,2,Medical,4,2,Divorced,3816,1,3,5
28,No,Sales,9,4,Life Sciences,2,4,Single,5253,1,3,7
49,No,Research & Development,7,3,Other,2,3,Single,10965,8,3,5
51,No,Sales,14,2,Life Sciences,3,4,Married,4936,4,2,7
36,No,Research & Development,2,3,Life Sciences,4,3,Married,2543,4,3,2
34,Yes,Sales,19,3,Marketing,1,4,Single,5304,8,2,5
55,No,Research & Development,2,3,Life Sciences,3,4,Single,16659,2,3,5
24,No,Sales,10,4,Marketing,4,3,Divorced,4260,1,4,5
30,No,Sales,2,1,Technical Degree,3,2,Married,2476,1,3,1
26,Yes,Research & Development,3,1,Technical Degree,3,1,Single,3102,0,3,6
22,No,Research & Development,11,3,Medical,1,2,Married,2244,1,3,2
36,No,Sales,2,2,Medical,2,3,Married,7596,1,3,10
30,Yes,Research & Development,4,3,Technical Degree,3,4,Single,2285,9,3,1
37,No,Research & Development,14,3,Life Sciences,4,1,Divorced,3034,1,2,18
40,No,Sales,2,2,Marketing,4,2,Divorced,5715,7,3,5
42,No,Research & Development,1,4,Life Sciences,2,1,Divorced,2576,3,3,5
37,No,Research & Development,10,4,Life Sciences,3,2,Single,4197,2,2,1
43,No,Research & Development,12,3,Life Sciences,1,2,Divorced,14336,1,3,25
40,No,Research & Development,2,3,Medical,2,3,Married,3448,6,3,1
54,No,Research & Development,5,2,Medical,1,1,Married,19406,4,2,4
34,No,Sales,4,4,Marketing,3,3,Married,6538,9,3,3
31,No,Research & Development,7,2,Medical,2,1,Married,4306,1,1,13
43,No,Research & Development,21,3,Medical,4,4,Married,2258,7,3,3
43,No,Research & Development,8,4,Other,3,3,Divorced,4522,4,3,5
25,No,Sales,4,2,Life Sciences,2,4,Single,4487,1,3,5
37,No,Research & Development,25,5,Medical,2,3,Married,4449,3,3,13
31,No,Research & Development,1,2,Life Sciences,4,1,Married,2218,1,3,4
39,No,Research & Development,1,1,Life Sciences,2,3,Divorced,19197,1,3,21
56,No,Sales,6,3,Life Sciences,3,1,Married,13212,9,2,7
30,No,Sales,12,3,Technical Degree,2,3,Single,6577,0,3,5
41,No,Sales,1,3,Marketing,2,1,Married,8392,1,3,10
28,No,Research & Development,17,2,Medical,3,1,Divorced,4558,1,3,10
25,Yes,Research & Development,3,3,Medical,1,1,Married,4031,5,3,2
52,No,Research & Development,3,3,Medical,4,3,Married,7969,2,3,5
45,No,Research & Development,10,2,Life Sciences,1,4,Married,2654,3,2,2
52,No,Research & Development,4,2,Life Sciences,4,4,Married,16555,2,1,5
42,No,Research & Development,29,2,Life Sciences,1,3,Divorced,4556,2,3,5
30,No,Research & Development,2,3,Life Sciences,3,4,Single,6091,2,3,5
60,No,Research & Development,7,3,Life Sciences,1,1,Married,19566,5,1,29
46,No,Research & Development,18,3,Medical,3,3,Divorced,4810,2,2,10
42,No,Research & Development,28,4,Technical Degree,4,4,Married,4523,0,4,6
24,Yes,Sales,1,1,Technical Degree,1,2,Single,3202,1,3,5
34,Yes,Sales,6,2,Marketing,4,3,Divorced,2351,0,2,2
38,No,Research & Development,2,2,Life Sciences,4,4,Married,1702,1,3,1
40,No,Sales,2,4,Life Sciences,3,3,Married,18041,0,3,20
26,No,Research & Development,23,3,Life Sciences,1,4,Divorced,2886,1,1,3
30,No,Research & Development,3,3,Life Sciences,3,4,Married,2097,4,1,5
29,No,Research & Development,3,4,Medical,2,3,Married,11935,1,3,10
29,Yes,Research & Development,25,5,Technical Degree,3,2,Married,2546,5,4,2
19,Yes,Human Resources,2,2,Technical Degree,1,4,Single,2564,1,4,1
30,No,Sales,22,4,Other,3,1,Married,8412,0,3,9
57,No,Sales,29,3,Marketing,1,4,Divorced,14118,3,2,1
50,No,Research & Development,29,4,Life Sciences,2,3,Married,17046,0,3,27
30,No,Research & Development,2,3,Medical,3,4,Single,2564,0,2,11
60,No,Sales,28,3,Marketing,3,1,Married,10266,4,4,18
47,No,Research & Development,2,2,Medical,1,4,Divorced,5070,5,3,5
46,No,Research & Development,2,3,Life Sciences,1,3,Married,17861,6,1,3
35,No,Research & Development,22,3,Life Sciences,4,3,Single,4230,0,3,5
54,No,Research & Development,8,4,Life Sciences,3,3,Single,3780,7,3,1
34,No,Research & Development,2,4,Life Sciences,4,3,Divorced,2768,3,3,7
46,No,Sales,10,3,Marketing,3,4,Married,9071,2,3,3
31,No,Research & Development,9,1,Life Sciences,3,2,Divorced,10648,1,4,13
33,Yes,Research & Development,15,1,Medical,2,3,Married,13610,7,4,7
33,Yes,Research & Development,10,1,Medical,1,4,Divorced,3408,7,3,4
30,No,Sales,7,1,Marketing,4,2,Single,2983,0,3,3
35,No,Research & Development,16,3,Life Sciences,4,3,Married,7632,4,3,8
31,Yes,Research & Development,20,3,Life Sciences,1,3,Married,9824,3,3,1
34,Yes,Human Resources,23,3,Human Resources,2,1,Divorced,9950,9,3,3
42,No,Research & Development,5,2,Other,2,3,Married,2093,4,3,2
36,No,Sales,10,4,Medical,2,4,Single,9980,1,2,10
22,Yes,Research & Development,4,1,Technical Degree,3,3,Single,3894,5,3,2
48,No,Sales,2,5,Marketing,2,4,Married,4051,2,3,9
55,No,Sales,18,5,Life Sciences,1,2,Single,16835,3,3,10
41,No,Sales,10,2,Life Sciences,4,4,Single,6230,7,3,14
35,No,Sales,1,3,Marketing,2,3,Married,4717,9,3,11
40,No,Research & Development,6,3,Life Sciences,2,3,Single,13237,7,3,20
39,No,Research & Development,8,1,Life Sciences,3,3,Married,3755,1,3,8
31,No,Sales,2,1,Life Sciences,2,4,Single,6582,4,4,6
42,No,Research & Development,24,3,Medical,4,1,Married,7406,1,2,10
45,No,Sales,2,3,Other,4,2,Married,4805,0,4,8
26,Yes,Human Resources,17,4,Life Sciences,2,3,Divorced,2741,0,2,7
29,No,Research & Development,19,3,Technical Degree,4,4,Divorced,4262,4,4,3
33,No,Research & Development,1,5,Medical,1,3,Divorced,16184,4,3,6
31,No,Sales,7,3,Life Sciences,3,4,Divorced,11557,9,2,5
18,Yes,Sales,5,3,Marketing,2,2,Single,1878,1,3,0
40,No,Sales,28,3,Other,3,1,Divorced,10932,3,3,1
41,No,Research & Development,2,4,Other,1,3,Single,6811,2,3,8
26,No,Sales,29,2,Medical,1,3,Divorced,4306,5,3,0
35,No,Sales,1,3,Medical,1,3,Single,4859,1,3,5
34,No,Sales,21,4,Life Sciences,4,4,Single,5337,1,3,10
26,Yes,Research & Development,24,3,Technical Degree,3,4,Single,2340,1,1,1
37,No,Research & Development,1,3,Technical Degree,2,4,Single,7491,4,4,6
46,No,Research & Development,18,1,Medical,1,3,Married,10527,5,2,2
41,No,Sales,2,5,Life Sciences,2,1,Married,16595,7,3,18
37,No,Sales,9,4,Medical,1,2,Divorced,8834,1,3,9
52,No,Research & Development,6,2,Technical Degree,4,1,Divorced,5577,3,3,10
32,Yes,Sales,11,4,Other,4,3,Married,4707,8,3,4
24,No,Sales,24,3,Medical,4,4,Married,2400,0,3,2
38,No,Research & Development,10,3,Medical,3,3,Married,9824,3,3,1
37,No,Research & Development,1,4,Life Sciences,2,2,Married,6447,6,2,6
49,No,Research & Development,18,4,Life Sciences,4,3,Divorced,19502,1,3,31
24,No,Research & Development,23,3,Medical,2,4,Married,2725,1,3,6
26,No,Sales,28,2,Marketing,1,2,Married,6272,1,4,5
24,No,Research & Development,17,2,Other,4,2,Married,2127,1,3,1
50,No,Human Resources,3,3,Medical,1,2,Married,18200,1,3,32
25,No,Sales,13,1,Medical,2,3,Married,2096,1,3,7
24,Yes,Research & Development,7,3,Life Sciences,1,3,Married,2886,1,3,6
30,Yes,Sales,12,4,Life Sciences,2,1,Married,2033,1,4,1
34,No,Research & Development,1,2,Life Sciences,2,4,Married,3622,1,3,6
31,Yes,Sales,13,4,Medical,2,1,Divorced,4233,2,1,3
35,No,Research & Development,25,2,Other,1,4,Single,3681,4,3,3
31,No,Sales,6,4,Medical,1,4,Divorced,5460,4,4,7
27,No,Research & Development,6,4,Medical,1,3,Divorced,2187,0,2,5
37,No,Sales,2,3,Marketing,4,3,Married,9602,4,2,3
20,No,Research & Development,1,3,Life Sciences,4,2,Single,2836,1,4,1
42,No,Research & Development,2,4,Life Sciences,3,4,Married,4089,1,3,10
43,No,Research & Development,6,4,Other,2,4,Divorced,16627,4,2,1
38,No,Research & Development,1,1,Life Sciences,3,1,Single,2619,3,2,0
43,No,Research & Development,9,5,Medical,4,3,Divorced,5679,3,3,8
48,No,Research & Development,1,4,Life Sciences,4,1,Married,15402,7,1,3
44,No,Human Resources,1,4,Life Sciences,1,3,Single,5985,4,4,2
34,No,Sales,14,3,Technical Degree,3,3,Divorced,2579,1,3,8
27,Yes,Sales,2,1,Marketing,3,1,Divorced,3041,0,3,4
21,No,Sales,22,1,Technical Degree,3,3,Single,3447,1,3,3
44,No,Research & Development,3,4,Other,4,4,Married,19513,4,4,2
22,No,Research & Development,6,1,Medical,1,3,Married,2773,0,3,2
33,No,Sales,8,4,Marketing,3,3,Divorced,7104,0,3,5
32,No,Research & Development,9,4,Life Sciences,1,4,Married,6322,1,2,6
30,No,Research & Development,3,3,Medical,3,3,Divorced,2083,1,3,1
53,No,Sales,1,1,Medical,4,1,Single,8381,7,4,14
34,No,Research & Development,1,5,Life Sciences,2,4,Married,2691,1,2,10
45,Yes,Sales,26,4,Life Sciences,1,1,Married,4286,2,3,1
26,No,Research & Development,6,3,Life Sciences,3,4,Married,2659,1,3,3
37,No,Research & Development,3,3,Other,3,3,Married,9434,1,3,10
29,No,Sales,3,2,Medical,2,3,Married,5561,1,2,6
35,No,Research & Development,6,4,Life Sciences,2,4,Single,6646,1,3,17
33,No,Research & Development,6,3,Life Sciences,3,4,Divorced,7725,3,1,13
54,No,Human Resources,19,4,Medical,3,2,Married,10725,2,4,9
36,No,Research & Development,9,2,Medical,2,2,Divorced,8847,2,3,3
27,No,Research & Development,3,4,Medical,1,4,Single,2045,0,3,4
20,Yes,Research & Development,10,1,Medical,4,3,Single,1009,1,3,1
33,Yes,Research & Development,3,3,Life Sciences,1,1,Single,3348,1,3,10
35,No,Research & Development,3,3,Life Sciences,3,3,Married,1281,1,3,1
23,No,Research & Development,4,3,Medical,1,1,Married,2819,2,4,3
25,No,Sales,8,3,Life Sciences,4,2,Married,4851,0,3,3
38,No,Sales,7,4,Marketing,4,4,Single,4028,0,3,7
29,No,Research & Development,1,4,Life Sciences,2,4,Divorced,2720,1,3,10
48,No,Sales,2,1,Marketing,2,2,Married,8120,3,3,2
27,No,Sales,3,1,Medical,4,4,Divorced,4647,1,3,6
37,No,Research & Development,10,2,Life Sciences,4,4,Single,4680,3,3,1
50,No,Research & Development,28,1,Medical,4,3,Married,3221,1,3,20
34,No,Research & Development,9,3,Medical,4,2,Single,8621,1,4,8
24,Yes,Sales,3,2,Life Sciences,1,3,Single,4577,9,3,2
39,No,Research & Development,2,4,Technical Degree,4,3,Single,4553,1,3,20
32,No,Sales,10,3,Marketing,4,4,Single,5396,1,2,10
50,Yes,Sales,8,2,Technical Degree,2,3,Married,6796,3,3,4
38,No,Research & Development,1,4,Life Sciences,2,4,Single,7625,0,2,9
27,No,Research & Development,1,2,Life Sciences,3,1,Married,7412,1,3,9
32,No,Research & Development,3,2,Life Sciences,3,4,Single,11159,3,3,7
47,No,Sales,14,4,Marketing,4,1,Single,4960,2,3,7
40,No,Sales,5,4,Life Sciences,4,1,Married,10475,5,3,18
53,No,Research & Development,7,3,Life Sciences,3,3,Married,14814,3,3,5
41,No,Human Resources,10,4,Human Resources,2,4,Divorced,19141,3,2,21
60,No,Sales,16,4,Marketing,1,1,Single,5405,8,3,2
27,No,Research & Development,10,2,Life Sciences,4,1,Divorced,8793,1,2,9
41,No,Human Resources,1,3,Human Resources,4,3,Married,19189,1,3,22
50,No,Sales,8,4,Marketing,4,2,Married,3875,7,3,2
28,Yes,Research & Development,1,2,Life Sciences,1,2,Single,2216,7,3,7
36,No,Research & Development,8,3,Life Sciences,1,1,Married,11713,9,3,8
38,No,Research & Development,1,3,Life Sciences,3,3,Single,7861,4,4,1
44,No,Research & Development,24,3,Medical,1,3,Single,3708,2,3,5
47,No,Sales,3,3,Medical,4,3,Divorced,13770,9,2,22
30,No,Sales,27,5,Marketing,3,4,Divorced,5304,7,2,8
29,No,Sales,10,3,Life Sciences,3,3,Single,2642,1,3,1
42,Yes,Research & Development,19,3,Medical,3,3,Divorced,2759,6,3,2
43,No,Sales,15,3,Life Sciences,4,4,Married,6804,3,3,2
34,No,Research & Development,8,2,Medical,2,3,Single,6142,3,3,5
23,No,Research & Development,9,1,Medical,2,1,Married,2500,1,4,4
39,No,Human Resources,3,3,Human Resources,3,2,Married,6389,9,1,8
56,No,Research & Development,9,3,Medical,3,4,Married,11103,7,2,10
40,No,Research & Development,2,1,Medical,4,4,Single,2342,0,2,4
27,No,Research & Development,7,3,Medical,4,1,Single,6811,8,1,7
29,No,Sales,10,3,Marketing,4,2,Divorced,2297,1,3,2
53,No,Research & Development,6,3,Life Sciences,4,4,Single,2450,2,3,2
35,No,Research & Development,2,4,Life Sciences,4,1,Divorced,5093,2,4,1
32,No,Research & Development,24,4,Life Sciences,1,4,Married,5309,1,3,10
38,No,Research & Development,2,5,Medical,4,3,Married,3057,6,1,1
34,No,Research & Development,8,5,Life Sciences,2,1,Divorced,5121,3,3,0
52,No,Sales,3,4,Marketing,3,1,Married,16856,1,4,34
33,Yes,Research & Development,1,4,Other,4,4,Single,2686,1,2,10
25,No,Sales,26,1,Medical,3,4,Single,6180,1,2,6
45,No,Sales,2,2,Technical Degree,2,3,Single,6632,0,3,8
23,No,Research & Development,10,1,Medical,1,3,Single,3505,1,3,2
47,Yes,Sales,27,2,Life Sciences,2,3,Single,6397,4,3,5
34,No,Sales,2,3,Other,4,4,Single,6274,1,3,6
55,Yes,Research & Development,2,3,Medical,4,1,Married,19859,5,3,5
36,No,Sales,8,4,Life Sciences,1,1,Single,7587,1,3,10
52,No,Research & Development,19,4,Medical,4,4,Married,4258,0,3,4
26,No,Research & Development,1,2,Life Sciences,1,4,Divorced,4364,3,3,2
29,No,Research & Development,27,3,Medical,2,3,Married,4335,4,2,8
26,Yes,Sales,8,3,Technical Degree,4,1,Single,5326,6,2,4
34,No,Research & Development,1,4,Life Sciences,2,4,Single,3280,2,3,4
54,No,Research & Development,19,4,Medical,4,1,Divorced,5485,9,3,5
27,No,Sales,8,1,Marketing,3,4,Married,4342,0,3,4
37,No,Research & Development,10,1,Life Sciences,4,1,Divorced,2782,0,2,5
38,No,Research & Development,2,4,Life Sciences,1,1,Single,5980,6,3,15
34,No,Research & Development,2,4,Medical,3,1,Single,4381,1,3,6
35,No,Sales,8,4,Life Sciences,1,4,Married,2572,1,2,3
30,No,Research & Development,1,3,Life Sciences,4,3,Married,3833,3,3,2
40,No,Research & Development,2,2,Medical,3,2,Married,4244,1,3,8
34,No,Sales,8,2,Life Sciences,3,1,Married,6500,5,3,3
42,No,Research & Development,8,3,Life Sciences,2,4,Divorced,18430,1,2,24
23,Yes,Research & Development,6,3,Life Sciences,3,1,Married,1601,1,3,0
24,No,Research & Development,9,3,Life Sciences,3,2,Divorced,2694,1,3,1
52,No,Research & Development,11,4,Life Sciences,4,3,Married,3149,8,3,5
50,No,Research & Development,2,3,Medical,3,3,Married,17639,5,3,4
29,Yes,Research & Development,1,2,Life Sciences,2,1,Married,2319,1,3,1
33,No,Research & Development,7,3,Medical,3,3,Married,11691,0,4,13
33,Yes,Sales,16,3,Marketing,1,1,Single,5324,5,3,3
47,No,Research & Development,2,2,Other,3,4,Married,16752,1,2,26
36,No,Research & Development,1,3,Other,3,2,Married,5228,0,3,9
29,No,Research & Development,23,2,Life Sciences,3,3,Married,2700,1,3,10
58,Yes,Research & Development,2,4,Life Sciences,4,2,Single,19246,7,3,31
35,No,Research & Development,1,4,Life Sciences,4,3,Single,2506,3,3,2
42,No,Research & Development,1,2,Life Sciences,4,4,Married,6062,9,3,4
28,Yes,Research & Development,2,4,Medical,3,3,Single,4382,6,2,2
36,No,Human Resources,13,3,Human Resources,3,2,Married,2143,4,3,5
32,No,Research & Development,4,3,Life Sciences,3,3,Married,6162,1,3,14
40,No,Research & Development,16,4,Medical,1,3,Single,5094,6,3,1
30,No,Research & Development,2,3,Medical,3,4,Single,6877,5,2,0
45,No,Research & Development,2,3,Life Sciences,2,3,Single,2274,1,3,1
42,No,Research & Development,29,3,Life Sciences,2,2,Married,4434,1,2,9
38,No,Research & Development,12,3,Life Sciences,1,1,Divorced,6288,2,2,4
34,No,Research & Development,16,4,Life Sciences,3,4,Single,2553,1,3,5
49,Yes,Sales,11,3,Marketing,3,4,Married,7654,1,4,9
55,Yes,Sales,2,1,Medical,3,4,Single,5160,4,2,9
43,No,Research & Development,14,2,Life Sciences,2,1,Married,17159,6,3,4
27,No,Research & Development,5,1,Technical Degree,3,4,Divorced,12808,1,3,9
35,No,Research & Development,7,3,Other,3,3,Single,10221,3,4,8
28,No,Sales,2,4,Marketing,2,2,Married,4779,1,3,8
34,No,Human Resources,3,2,Human Resources,3,4,Married,3737,0,1,3
26,Yes,Research & Development,5,2,Medical,3,3,Married,2366,1,3,8
27,No,Research & Development,3,3,Medical,4,4,Married,1706,1,2,0
51,No,Sales,26,4,Marketing,1,3,Married,16307,2,2,20
44,No,Research & Development,4,3,Medical,4,2,Single,5933,9,2,5
25,No,Research & Development,2,1,Medical,1,1,Single,3424,7,2,4
33,No,Sales,1,3,Medical,1,1,Divorced,4037,1,3,9
35,No,Research & Development,27,1,Medical,3,1,Single,2559,1,2,6
36,No,Sales,1,2,Life Sciences,2,4,Married,6201,1,2,18
32,No,Sales,13,4,Life Sciences,2,4,Divorced,4403,2,2,5
30,No,Research & Development,5,4,Life Sciences,2,4,Divorced,3761,9,2,5
53,No,Sales,7,2,Marketing,1,4,Married,10934,7,3,5
45,No,Sales,9,3,Marketing,4,1,Divorced,10761,4,3,5
32,No,Research & Development,8,2,Medical,3,3,Married,5175,5,2,5
52,No,Research & Development,25,4,Medical,3,4,Married,13826,3,3,9
37,No,Sales,16,4,Marketing,4,3,Divorced,6334,4,3,1
28,No,Human Resources,8,2,Medical,2,4,Divorced,4936,1,3,5
22,No,Research & Development,1,2,Life Sciences,4,4,Married,4775,6,1,2
44,No,Research & Development,8,4,Life Sciences,1,4,Married,2818,2,2,3
42,No,Research & Development,2,1,Medical,2,4,Single,2515,5,3,2
36,No,Human Resources,8,3,Life Sciences,1,1,Married,2342,0,3,5
25,No,Sales,3,1,Other,3,1,Married,4194,1,3,5
35,No,Research & Development,9,3,Life Sciences,4,3,Married,10685,1,3,17
35,Yes,Research & Development,25,4,Life Sciences,4,2,Divorced,2022,1,2,10
32,No,Research & Development,1,3,Life Sciences,4,4,Divorced,2314,0,3,3
25,No,Sales,4,1,Marketing,3,1,Married,4256,1,4,5
49,No,Research & Development,1,3,Technical Degree,3,1,Married,3580,2,3,4
24,No,Research & Development,4,1,Life Sciences,1,4,Married,3162,0,2,5
32,No,Sales,5,2,Life Sciences,2,2,Married,6524,1,3,10
38,No,Sales,9,3,Marketing,2,2,Married,2899,0,3,2
42,No,Research & Development,3,3,Life Sciences,3,4,Married,5231,2,2,5
31,No,Research & Development,11,4,Life Sciences,4,4,Married,2356,3,3,6
29,Yes,Sales,1,3,Medical,2,3,Divorced,2800,6,3,3
53,No,Sales,8,3,Marketing,1,4,Married,11836,5,3,2
35,No,Research & Development,25,3,Technical Degree,4,2,Married,10903,3,3,13
37,No,Sales,21,2,Medical,3,4,Married,2973,5,3,5
53,No,Research & Development,23,4,Life Sciences,4,4,Single,14275,6,3,12
43,No,Research & Development,1,3,Life Sciences,4,4,Married,5562,4,2,5
47,No,Sales,2,2,Marketing,3,4,Married,4537,0,3,7
37,No,Sales,19,2,Medical,1,2,Single,7642,1,3,10
50,No,Research & Development,2,4,Life Sciences,1,1,Divorced,17924,1,3,31
39,No,Human Resources,2,3,Life Sciences,4,4,Married,5204,8,3,5
33,No,Human Resources,3,2,Human Resources,4,2,Divorced,2277,3,4,4
32,Yes,Research & Development,25,4,Life Sciences,1,4,Single,2795,1,1,1
29,No,Research & Development,7,1,Medical,1,4,Divorced,2532,6,3,4
44,No,Research & Development,9,2,Life Sciences,2,1,Married,2559,1,3,8
28,No,Sales,5,4,Medical,1,4,Single,4908,1,3,4
58,Yes,Research & Development,2,1,Life Sciences,4,4,Divorced,2380,9,2,1
43,No,Research & Development,8,3,Life Sciences,1,2,Divorced,4765,4,4,1
20,Yes,Sales,2,3,Medical,3,3,Single,2044,1,2,2
21,Yes,Research & Development,18,1,Other,4,4,Single,2693,1,2,1
36,No,Research & Development,14,1,Life Sciences,3,4,Married,6586,0,2,16
47,No,Sales,2,4,Life Sciences,4,4,Single,3294,1,2,3
22,Yes,Research & Development,3,1,Life Sciences,2,3,Married,4171,0,4,3
41,Yes,Research & Development,2,4,Life Sciences,2,4,Divorced,2778,4,2,7
28,No,Research & Development,9,3,Medical,3,3,Divorced,2377,5,3,2
39,Yes,Research & Development,6,3,Medical,4,1,Married,2404,7,1,2
27,No,Research & Development,4,3,Life Sciences,2,3,Single,2318,1,3,1
34,No,Research & Development,10,3,Life Sciences,2,2,Divorced,2008,1,3,1
42,No,Sales,14,2,Medical,3,3,Single,6244,7,3,5
33,No,Research & Development,1,4,Other,3,1,Single,2799,3,3,3
58,No,Research & Development,5,3,Technical Degree,3,2,Divorced,10552,2,3,6
31,No,Sales,7,4,Life Sciences,2,3,Married,2329,3,4,7
35,No,Research & Development,21,1,Life Sciences,4,4,Married,4014,1,1,10
49,No,Research & Development,8,2,Other,1,2,Married,7403,4,2,26
48,No,Research & Development,20,4,Medical,4,3,Married,2259,4,2,0
31,No,Sales,20,2,Marketing,4,3,Married,6932,1,2,9
36,No,Research & Development,7,4,Other,2,4,Single,4678,2,3,6
38,No,Research & Development,1,3,Technical Degree,4,1,Married,13582,1,3,15
32,No,Research & Development,1,3,Life Sciences,3,2,Married,2332,6,3,3
25,Yes,Sales,19,2,Marketing,3,2,Married,2413,1,3,1
40,No,Sales,10,4,Marketing,1,2,Divorced,9705,2,2,1
26,No,Sales,1,3,Medical,3,1,Single,4294,1,3,7
41,No,Research & Development,6,3,Medical,4,1,Single,4721,2,3,18
36,No,Research & Development,2,4,Medical,3,3,Single,2519,4,3,11
19,Yes,Sales,21,3,Other,4,2,Single,2121,1,4,1
20,Yes,Research & Development,4,3,Technical Degree,1,1,Single,2973,1,3,1
31,No,Research & Development,12,3,Medical,4,4,Married,5855,0,1,9
40,No,Research & Development,9,4,Medical,4,2,Divorced,3617,8,3,1
32,No,Research & Development,3,4,Medical,3,1,Married,6725,1,4,8
36,Yes,Sales,3,1,Life Sciences,3,4,Married,10325,1,3,16
33,No,Research & Development,1,3,Life Sciences,2,4,Single,6949,0,3,5
37,Yes,Sales,1,4,Life Sciences,1,3,Married,10609,5,1,14
45,No,Research & Development,4,2,Life Sciences,3,2,Married,4447,1,2,9
29,No,Sales,20,3,Technical Degree,3,4,Married,2157,1,3,3
35,No,Sales,18,3,Medical,3,3,Married,4601,1,3,5
52,No,Research & Development,1,2,Life Sciences,4,4,Married,17099,2,2,9
58,Yes,Research & Development,2,3,Technical Degree,4,3,Single,2479,4,3,1
53,No,Sales,2,2,Medical,3,3,Divorced,14852,6,4,17
30,No,Sales,8,2,Other,3,3,Divorced,7264,5,4,8
38,No,Sales,10,3,Technical Degree,3,4,Single,5666,1,3,5
35,No,Sales,3,4,Life Sciences,4,4,Divorced,7823,6,3,10
39,No,Sales,2,5,Life Sciences,1,3,Single,7880,0,3,8
40,Yes,Sales,24,3,Life Sciences,2,2,Single,13194,4,2,1
47,No,Research & Development,16,4,Medical,3,3,Divorced,5067,1,4,19
36,No,Sales,8,4,Technical Degree,1,4,Divorced,5079,4,3,7
31,Yes,Research & Development,9,2,Medical,3,1,Single,2321,0,3,3
33,No,Sales,17,3,Life Sciences,4,3,Single,17444,1,3,10
29,Yes,Research & Development,10,3,Life Sciences,4,1,Single,2404,6,3,0
33,No,Research & Development,13,1,Life Sciences,2,4,Single,3452,3,3,3
45,No,Research & Development,1,4,Medical,4,4,Divorced,2270,3,3,5
50,No,Research & Development,1,2,Medical,4,4,Divorced,17399,9,2,5
33,No,Research & Development,1,4,Other,3,2,Married,5488,1,3,6
41,No,Research & Development,9,3,Medical,1,3,Divorced,19419,2,4,18
27,No,Research & Development,16,4,Technical Degree,3,2,Married,2811,9,3,2
45,No,Research & Development,23,2,Life Sciences,4,1,Married,3633,1,3,9
47,No,Sales,4,2,Life Sciences,4,4,Single,4163,1,3,9
30,Yes,Research & Development,22,3,Life Sciences,1,3,Married,2132,4,3,5
50,No,Research & Development,24,3,Life Sciences,4,3,Married,13973,3,3,12
38,No,Research & Development,10,1,Medical,3,3,Married,2684,0,2,2
46,No,Research & Development,7,2,Medical,4,3,Divorced,10845,6,3,8
24,No,Research & Development,17,1,Medical,4,3,Divorced,4377,1,3,4
35,Yes,Research & Development,14,4,Other,3,2,Divorced,3743,1,1,4
31,No,Research & Development,1,1,Life Sciences,3,1,Married,4148,1,3,4
18,No,Research & Development,5,2,Life Sciences,2,4,Single,1051,1,3,0
54,No,Research & Development,17,3,Technical Degree,3,3,Married,10739,8,3,10
35,No,Research & Development,25,4,Medical,3,3,Divorced,10388,1,2,16
30,No,Research & Development,8,2,Life Sciences,2,1,Married,11416,0,2,8
20,Yes,Research & Development,11,3,Medical,4,1,Single,2600,1,3,1
30,Yes,Research & Development,5,3,Medical,2,2,Single,2422,0,3,3
26,No,Research & Development,2,2,Medical,4,4,Married,5472,1,3,8
22,No,Research & Development,8,1,Life Sciences,2,1,Married,2451,1,2,4
48,No,Research & Development,6,3,Life Sciences,1,3,Single,4240,2,3,2
48,No,Research & Development,4,4,Life Sciences,3,3,Single,10999,7,3,15
41,No,Research & Development,7,2,Medical,4,3,Single,5003,6,3,2
39,No,Research & Development,1,1,Life Sciences,4,4,Married,12742,1,3,21
27,No,Research & Development,2,4,Life Sciences,1,4,Married,4227,0,3,3
35,No,Research & Development,10,3,Other,2,4,Divorced,3917,1,2,3
42,No,Sales,5,2,Marketing,4,3,Married,18303,6,4,1
50,No,Research & Development,9,3,Life Sciences,1,4,Married,2380,4,3,1
59,No,Research & Development,2,3,Life Sciences,3,4,Single,13726,3,3,5
37,Yes,Research & Development,11,2,Medical,1,2,Married,4777,5,1,1
55,No,Research & Development,18,4,Medical,3,2,Married,6385,3,3,8
41,No,Research & Development,7,1,Life Sciences,2,3,Divorced,19973,1,3,21
38,No,Sales,3,4,Life Sciences,2,4,Single,6861,8,3,1
26,Yes,Sales,29,2,Medical,2,1,Single,4969,8,3,2
52,Yes,Sales,2,1,Marketing,1,4,Married,19845,1,3,32
44,No,Sales,28,3,Medical,4,4,Married,13320,3,3,12
50,No,Sales,1,3,Life Sciences,4,3,Married,6347,0,3,18
36,Yes,Research & Development,16,4,Life Sciences,3,1,Single,2743,1,3,17
39,No,Research & Development,22,3,Medical,4,1,Single,10880,1,3,21
33,No,Sales,8,1,Life Sciences,2,4,Single,2342,0,2,2
45,No,Sales,11,2,Life Sciences,4,4,Married,17650,3,4,9
32,No,Research & Development,29,4,Medical,4,3,Single,4025,9,3,8
34,No,Sales,1,4,Marketing,2,4,Divorced,9725,0,2,15
59,No,Sales,1,2,Technical Degree,2,4,Married,11904,3,1,6
45,No,Human Resources,24,4,Medical,2,2,Single,2177,1,3,6
53,No,Sales,2,3,Marketing,3,2,Married,7525,2,3,15
36,Yes,Research & Development,15,3,Other,1,3,Divorced,4834,7,2,1
26,Yes,Research & Development,2,3,Life Sciences,1,1,Married,2042,6,3,3
34,No,Sales,10,4,Life Sciences,3,3,Married,2220,1,3,1
28,No,Sales,10,1,Medical,4,2,Married,1052,1,3,1
38,No,Research & Development,3,4,Other,3,3,Married,2821,3,3,2
50,No,Research & Development,2,4,Medical,2,3,Married,19237,2,2,8
37,No,Research & Development,3,3,Other,4,2,Single,4107,3,2,4
40,No,Sales,26,3,Marketing,3,1,Married,8396,1,2,7
26,No,Research & Development,1,1,Medical,1,3,Divorced,2007,1,3,5
46,No,Research & Development,1,4,Medical,4,4,Divorced,19627,9,3,2
54,No,Sales,2,4,Life Sciences,3,3,Married,10686,6,3,9
56,No,Research & Development,9,3,Medical,1,3,Married,2942,2,3,5
36,No,Research & Development,12,5,Medical,4,4,Single,8858,0,2,14
55,No,Research & Development,2,1,Medical,3,1,Single,16756,7,4,9
43,No,Sales,25,3,Medical,3,4,Divorced,10798,5,3,1
20,Yes,Sales,9,3,Marketing,4,4,Single,2323,1,3,2
21,Yes,Research & Development,10,3,Life Sciences,3,1,Single,1416,1,2,1
46,No,Research & Development,8,4,Life Sciences,4,1,Divorced,4615,8,3,16
51,Yes,Research & Development,4,4,Life Sciences,1,3,Married,2461,9,4,10
28,Yes,Research & Development,24,2,Technical Degree,2,1,Single,8722,1,2,10
26,No,Research & Development,1,2,Medical,1,1,Married,3955,1,3,5
30,No,Research & Development,20,3,Other,3,1,Married,9957,0,2,6
41,No,Research & Development,7,2,Technical Degree,2,3,Married,3376,1,3,10
38,No,Research & Development,17,1,Life Sciences,3,3,Married,8823,0,2,19
40,No,Research & Development,20,4,Technical Degree,1,4,Married,10322,4,3,11
27,No,Research & Development,8,5,Life Sciences,1,3,Married,4621,1,3,3
55,No,Research & Development,2,1,Life Sciences,4,2,Married,10976,3,3,3
28,No,Research & Development,10,3,Other,3,3,Single,3660,3,4,8
44,Yes,Human Resources,1,2,Medical,2,1,Married,10482,9,3,20
33,No,Research & Development,5,3,Life Sciences,4,4,Divorced,7119,4,3,3
35,Yes,Sales,4,3,Technical Degree,4,1,Single,9582,0,3,8
33,Yes,Research & Development,29,4,Medical,1,3,Single,4508,1,3,13
28,No,Research & Development,15,2,Life Sciences,1,3,Divorced,2207,1,2,4
34,No,Research & Development,3,1,Life Sciences,1,4,Single,7756,0,2,6
37,No,Sales,10,4,Life Sciences,4,4,Divorced,6694,2,3,1
25,Yes,Research & Development,4,1,Technical Degree,4,4,Married,3691,1,4,7
26,Yes,Research & Development,21,3,Medical,1,3,Divorced,2377,1,2,1
33,Yes,Research & Development,25,3,Medical,1,2,Single,2313,4,3,2
42,No,Research & Development,2,2,Medical,4,1,Married,17665,0,3,22
28,Yes,Research & Development,1,3,Medical,1,2,Divorced,2596,1,3,1
50,Yes,Sales,1,4,Other,4,3,Single,4728,3,3,0
33,No,Sales,7,3,Life Sciences,4,2,Married,4302,0,3,3
34,No,Research & Development,3,4,Life Sciences,3,4,Married,2979,3,3,0
48,No,Research & Development,1,4,Medical,1,4,Single,16885,2,2,5
45,No,Sales,9,4,Life Sciences,2,3,Married,5593,1,3,15
52,No,Research & Development,7,4,Life Sciences,2,2,Single,10445,7,3,8
38,No,Sales,10,4,Marketing,3,3,Divorced,8740,0,3,8
29,No,Research & Development,28,4,Life Sciences,3,4,Divorced,2514,4,3,7
28,No,Research & Development,3,3,Medical,4,2,Divorced,7655,0,2,9
46,No,Sales,3,1,Marketing,1,3,Married,17465,3,3,12
38,No,Sales,2,2,Marketing,4,2,Single,7351,7,3,1
43,No,Research & Development,27,3,Life Sciences,3,1,Married,10820,8,3,8
39,Yes,Research & Development,2,3,Life Sciences,1,4,Divorced,12169,7,3,18
40,No,Research & Development,14,3,Medical,3,3,Single,19626,1,4,20
21,No,Research & Development,1,1,Technical Degree,4,2,Single,2070,1,4,2
39,No,Research & Development,9,3,Life Sciences,3,2,Single,6782,9,2,5
36,No,Research & Development,18,4,Life Sciences,1,4,Single,7779,2,3,11
31,No,Sales,20,3,Life Sciences,3,4,Married,2791,0,3,2
28,No,Research & Development,2,1,Life Sciences,1,2,Married,3201,0,1,5
35,No,Sales,11,2,Marketing,4,4,Divorced,4968,1,3,5
49,No,Sales,8,4,Technical Degree,4,2,Married,13120,6,3,9
34,No,Research & Development,2,2,Life Sciences,4,3,Single,4033,2,2,3
29,No,Research & Development,10,3,Life Sciences,4,2,Divorced,3291,0,2,7
42,No,Research & Development,29,3,Medical,2,4,Single,4272,4,3,1
29,No,Research & Development,8,1,Medical,2,4,Married,5056,1,2,10
38,No,Human Resources,1,3,Human Resources,3,3,Married,2844,1,4,7
28,No,Research & Development,6,3,Life Sciences,3,3,Divorced,2703,1,3,3
18,Yes,Research & Development,8,1,Medical,3,3,Single,1904,1,3,0
33,Yes,Sales,9,4,Marketing,1,1,Single,8224,0,3,5
41,No,Research & Development,12,4,Life Sciences,2,4,Married,4766,3,3,1
31,Yes,Research & Development,15,3,Medical,3,3,Married,2610,1,2,2
37,No,Research & Development,25,2,Medical,3,4,Divorced,5731,7,3,6
27,No,Research & Development,6,3,Life Sciences,4,3,Married,2539,1,3,4
34,No,Sales,9,1,Life Sciences,2,3,Married,5714,1,2,6
35,No,Human Resources,8,4,Technical Degree,3,3,Single,4323,1,1,5
29,Yes,Sales,23,1,Life Sciences,4,1,Married,7336,1,1,11
40,No,Research & Development,9,4,Medical,2,3,Single,13499,9,2,18
42,Yes,Sales,12,3,Life Sciences,3,1,Single,13758,0,2,21
42,No,Sales,4,4,Marketing,2,1,Single,5155,7,4,6
35,No,Research & Development,1,4,Medical,4,3,Married,2258,6,3,8
24,No,Research & Development,24,3,Medical,4,2,Single,3597,8,3,4
28,Yes,Research & Development,12,1,Life Sciences,3,4,Married,2515,1,2,1
26,No,Research & Development,3,4,Medical,1,4,Married,4420,1,3,8
30,No,Sales,10,3,Marketing,3,3,Married,6578,1,3,10
40,No,Research & Development,26,2,Medical,3,4,Married,4422,3,1,1
35,No,Research & Development,2,3,Life Sciences,3,2,Divorced,10274,2,4,7
34,No,Research & Development,1,3,Medical,4,1,Single,5343,0,3,13
35,No,Research & Development,4,4,Other,4,4,Married,2376,1,4,2
43,Yes,Sales,9,3,Marketing,1,3,Single,5346,8,2,4
32,No,Sales,2,1,Life Sciences,3,1,Divorced,2827,1,3,1
56,No,Research & Development,4,4,Technical Degree,4,1,Divorced,19943,4,3,5
29,No,Research & Development,6,1,Medical,2,4,Married,3131,1,3,10
19,No,Research & Development,9,2,Life Sciences,3,1,Single,2552,1,3,1
45,No,Research & Development,7,3,Medical,1,3,Married,4477,4,2,3
37,No,Research & Development,1,3,Life Sciences,4,4,Married,6474,1,2,14
20,No,Research & Development,3,3,Life Sciences,1,3,Single,3033,1,2,2
44,Yes,Research & Development,10,4,Life Sciences,3,3,Single,2936,1,3,6
53,No,Research & Development,7,2,Medical,4,3,Divorced,18606,3,3,7
29,No,Research & Development,15,1,Life Sciences,2,4,Married,2168,0,2,5
22,Yes,Research & Development,3,4,Life Sciences,3,4,Married,2853,0,3,0
46,No,Sales,2,3,Marketing,3,1,Married,17048,8,3,26
44,No,Research & Development,17,3,Life Sciences,4,3,Single,2290,2,3,0
33,No,Human Resources,2,3,Human Resources,2,3,Married,3600,1,3,5
41,Yes,Research & Development,5,2,Life Sciences,1,1,Divorced,2107,6,1,1
30,No,Sales,29,4,Life Sciences,3,1,Divorced,4115,8,3,4
40,No,Sales,2,4,Medical,2,2,Married,4327,5,3,0
50,No,Research & Development,2,3,Medical,4,1,Married,17856,2,3,2
28,No,Research & Development,19,4,Medical,4,1,Married,3196,1,3,6
46,No,Research & Development,15,2,Life Sciences,4,2,Married,19081,5,3,4
35,No,Sales,17,4,Life Sciences,3,1,Married,8966,3,3,7
24,Yes,Research & Development,17,2,Life Sciences,4,2,Married,2210,1,1,1
33,No,Sales,25,3,Medical,2,3,Married,4539,1,2,10
36,No,Research & Development,6,4,Life Sciences,3,3,Divorced,2741,1,3,7
30,No,Research & Development,7,4,Life Sciences,3,3,Divorced,3491,1,2,10
44,No,Research & Development,29,4,Other,4,4,Single,4541,1,3,20
20,No,Sales,21,3,Marketing,3,4,Single,2678,1,3,2
46,No,Research & Development,2,4,Technical Degree,4,4,Divorced,7379,2,2,6
42,No,Human Resources,2,5,Medical,4,1,Married,6272,7,4,4
60,No,Sales,7,4,Marketing,2,4,Divorced,5220,0,3,11
32,No,Research & Development,13,3,Other,3,2,Married,2743,1,3,2
32,No,Research & Development,2,2,Life Sciences,4,3,Single,4998,4,3,8
36,No,Research & Development,1,3,Technical Degree,3,1,Divorced,10252,2,3,7
33,No,Research & Development,9,3,Medical,1,4,Married,2781,0,3,14
40,No,Sales,10,3,Technical Degree,2,2,Divorced,6852,7,4,5
25,No,Sales,10,4,Life Sciences,3,4,Single,4950,0,3,4
30,No,Research & Development,1,3,Medical,4,2,Married,3579,0,3,11
42,No,Research & Development,26,5,Medical,1,1,Married,13191,3,3,1
35,No,Sales,8,2,Marketing,3,4,Married,10377,4,2,13
27,No,Research & Development,14,3,Life Sciences,1,1,Married,2235,1,2,9
54,No,Research & Development,1,4,Life Sciences,4,3,Divorced,10502,7,1,5
44,No,Research & Development,2,1,Life Sciences,1,4,Married,2011,1,3,10
19,Yes,Research & Development,10,3,Medical,1,2,Single,1859,1,4,1
29,No,Research & Development,1,3,Life Sciences,1,4,Divorced,3760,1,3,3
54,No,Research & Development,3,3,Life Sciences,4,4,Married,17779,3,3,10
31,No,Research & Development,11,2,Medical,3,1,Married,6833,1,2,6
31,No,Research & Development,24,3,Medical,3,1,Single,6812,1,3,10
59,No,Sales,3,3,Life Sciences,3,4,Single,5171,5,3,6
43,No,Research & Development,3,3,Life Sciences,3,4,Married,19740,3,3,8
49,No,Research & Development,4,2,Medical,1,3,Married,18711,2,4,1
36,No,Research & Development,3,3,Technical Degree,3,2,Married,3692,1,2,11
48,No,Research & Development,2,2,Technical Degree,4,2,Single,2559,5,2,1
27,No,Research & Development,4,2,Life Sciences,1,3,Divorced,2517,1,3,5
29,No,Research & Development,7,3,Life Sciences,3,4,Divorced,6623,1,3,6
48,No,Research & Development,1,3,Life Sciences,4,4,Single,18265,6,4,1
29,No,Research & Development,1,3,Life Sciences,4,4,Divorced,16124,3,2,7
34,No,Research & Development,20,3,Technical Degree,3,3,Married,2585,0,2,1
44,No,Sales,5,3,Marketing,2,2,Married,18213,7,3,22
33,No,Sales,10,5,Marketing,4,3,Divorced,8380,0,3,9
19,No,Research & Development,25,3,Life Sciences,2,4,Single,2994,1,3,1
23,No,Research & Development,1,2,Life Sciences,4,3,Married,1223,1,3,1
25,Yes,Sales,24,1,Life Sciences,3,4,Single,1118,1,3,1
26,No,Research & Development,4,2,Life Sciences,3,4,Single,2875,1,2,8
45,Yes,Sales,2,3,Marketing,1,2,Single,18824,2,3,24
55,No,Research & Development,8,1,Medical,4,2,Divorced,13577,1,3,33
21,Yes,Research & Development,10,2,Life Sciences,1,3,Single,2625,1,1,2
46,No,Sales,4,2,Marketing,4,2,Married,18789,2,3,11
34,No,Sales,2,3,Marketing,3,1,Single,4538,0,3,3
51,No,Sales,9,3,Life Sciences,4,2,Divorced,19847,4,2,29
59,No,Research & Development,18,4,Medical,4,4,Single,10512,6,2,9
34,No,Research & Development,19,3,Medical,3,2,Divorced,4444,4,4,11
28,No,Research & Development,1,4,Medical,4,3,Single,2154,0,2,4
44,No,Research & Development,4,2,Life Sciences,3,1,Divorced,19190,1,2,25
34,No,Human Resources,11,3,Life Sciences,3,2,Married,4490,4,4,10
35,No,Research & Development,6,1,Life Sciences,3,3,Married,3506,0,3,3
42,No,Research & Development,7,4,Medical,2,2,Married,2372,6,3,1
43,No,Sales,4,4,Marketing,4,4,Single,10231,3,4,21
36,No,Research & Development,2,4,Life Sciences,3,2,Single,5410,9,3,16
44,Yes,Research & Development,15,3,Medical,1,4,Married,7978,1,3,10
28,No,Research & Development,2,3,Life Sciences,4,4,Married,3867,1,3,2
51,No,Research & Development,6,2,Medical,2,3,Single,2838,0,2,7
30,No,Research & Development,9,2,Medical,3,3,Single,4695,7,3,8
29,Yes,Research & Development,7,3,Technical Degree,2,3,Divorced,3339,3,3,7
28,No,Research & Development,1,3,Technical Degree,4,1,Single,2080,2,2,3
25,No,Research & Development,1,3,Medical,4,2,Single,2096,1,2,2
32,No,Sales,8,3,Medical,3,4,Married,6209,1,4,10
45,No,Research & Development,25,3,Medical,2,2,Single,18061,3,3,0
39,No,Research & Development,13,4,Medical,3,2,Divorced,17123,6,3,19
58,No,Research & Development,23,4,Life Sciences,1,3,Divorced,2372,1,3,2
32,Yes,Research & Development,7,2,Life Sciences,4,3,Married,4883,1,3,10
39,Yes,Research & Development,23,3,Medical,3,1,Single,3904,0,3,5
30,No,Research & Development,6,3,Technical Degree,1,4,Married,4627,0,3,9
36,No,Research & Development,10,4,Technical Degree,4,3,Married,7094,3,3,7
46,No,Human Resources,1,2,Life Sciences,4,1,Single,3423,6,4,7
28,No,Research & Development,1,3,Life Sciences,3,4,Married,6674,0,3,9
50,No,Research & Development,28,3,Life Sciences,4,1,Married,16880,4,3,3
40,Yes,Sales,25,4,Marketing,4,2,Single,9094,2,3,5
52,Yes,Sales,5,3,Life Sciences,2,2,Single,8446,9,2,8
30,No,Research & Development,17,4,Medical,2,1,Married,11916,1,3,9
39,No,Research & Development,18,2,Life Sciences,1,3,Single,4534,0,3,8
31,No,Sales,2,4,Life Sciences,4,3,Divorced,9852,1,2,10
41,No,Sales,10,2,Medical,3,2,Single,6151,1,3,19
31,Yes,Sales,1,3,Life Sciences,4,2,Single,2302,1,4,3
44,Yes,Research & Development,3,3,Life Sciences,1,1,Married,2362,4,4,3
42,No,Research & Development,2,1,Life Sciences,3,3,Married,17861,0,2,20
55,No,Research & Development,2,2,Medical,4,3,Married,19187,4,3,19
56,No,Human Resources,8,4,Life Sciences,4,2,Single,19717,6,3,7
40,No,Research & Development,16,2,Life Sciences,3,3,Divorced,3544,9,3,4
34,No,Research & Development,9,3,Life Sciences,4,4,Divorced,8500,0,2,9
40,No,Research & Development,2,3,Life Sciences,3,4,Single,4661,1,3,9
41,No,Sales,1,3,Marketing,3,1,Divorced,4103,0,3,9
35,No,Research & Development,4,4,Life Sciences,3,3,Single,4249,1,3,9
51,No,Human Resources,5,3,Life Sciences,3,2,Divorced,14026,1,3,33
38,No,Sales,2,2,Life Sciences,2,1,Divorced,6893,3,3,7
34,No,Sales,15,2,Medical,3,1,Single,6125,1,4,10
25,No,Research & Development,19,1,Medical,4,4,Married,3669,3,2,3
58,Yes,Research & Development,7,4,Medical,3,1,Married,10008,7,2,10
40,No,Research & Development,1,4,Life Sciences,2,2,Married,2387,3,3,4
36,No,Sales,7,3,Marketing,1,1,Married,4639,2,2,15
48,No,Research & Development,4,3,Life Sciences,4,4,Single,7898,1,3,10
27,No,Sales,11,3,Medical,3,4,Married,2534,8,3,1
51,No,Research & Development,11,2,Technical Degree,4,2,Single,13142,3,2,5
18,No,Research & Development,1,3,Life Sciences,4,4,Single,1611,1,4,0
35,No,Research & Development,1,3,Medical,4,4,Married,5363,0,3,9
27,No,Sales,2,1,Life Sciences,4,4,Single,5071,3,3,6
55,Yes,Sales,13,4,Marketing,1,3,Single,13695,6,2,19
56,No,Research & Development,23,3,Life Sciences,4,2,Married,13402,4,3,19
34,No,Research & Development,26,1,Technical Degree,1,3,Divorced,2029,1,3,5
40,No,Research & Development,2,1,Medical,2,3,Divorced,6377,5,3,12
34,No,Research & Development,29,3,Medical,2,3,Married,5429,4,3,8
31,Yes,Sales,2,3,Life Sciences,3,4,Single,2785,7,4,1
35,Yes,Sales,18,4,Marketing,4,3,Married,4614,0,2,4
38,No,Research & Development,7,3,Life Sciences,4,3,Divorced,2610,1,3,4
34,No,Research & Development,2,4,Technical Degree,3,4,Single,6687,1,4,14
28,No,Sales,26,3,Life Sciences,3,1,Married,4724,1,3,5
31,Yes,Research & Development,22,4,Medical,4,3,Married,6179,1,2,10
39,No,Sales,21,4,Life Sciences,1,4,Married,6120,3,4,5
51,No,Sales,2,3,Marketing,2,2,Married,10596,2,3,4
41,No,Research & Development,22,3,Life Sciences,4,4,Divorced,5467,3,2,6
37,No,Research & Development,4,1,Life Sciences,3,3,Married,2996,7,3,6
33,No,Sales,5,1,Life Sciences,2,4,Married,9998,6,4,5
32,No,Sales,2,1,Marketing,3,2,Married,4078,0,2,3
39,No,Research & Development,25,2,Life Sciences,3,3,Married,10920,3,3,6
25,No,Sales,18,1,Life Sciences,1,3,Married,6232,2,2,3
52,No,Research & Development,28,2,Medical,4,3,Married,13247,2,2,5
43,No,Research & Development,6,3,Medical,1,3,Single,4081,1,1,20
27,No,Sales,10,3,Marketing,4,4,Married,5769,1,3,6
27,Yes,Research & Development,17,4,Life Sciences,4,3,Single,2394,1,3,8
26,No,Research & Development,2,1,Medical,1,4,Single,3904,0,3,4
42,No,Human Resources,10,3,Human Resources,3,1,Married,16799,0,3,20
52,No,Research & Development,8,4,Other,3,1,Married,2950,9,1,5
37,No,Research & Development,11,3,Medical,1,3,Single,3629,4,3,3
35,No,Research & Development,18,2,Life Sciences,3,4,Single,9362,2,3,2
25,No,Research & Development,1,3,Technical Degree,1,4,Married,3229,4,2,3
26,No,Research & Development,7,3,Other,3,1,Single,3578,0,3,7
29,No,Human Resources,17,3,Other,2,1,Single,7988,1,2,10
49,Yes,Research & Development,28,2,Life Sciences,1,1,Single,4284,3,3,4
29,Yes,Research & Development,14,1,Other,3,4,Single,7553,0,3,8
54,No,Research & Development,1,3,Medical,4,4,Single,17328,6,2,20
58,No,Research & Development,1,3,Medical,4,1,Married,19701,3,3,9
55,No,Research & Development,1,4,Medical,2,4,Divorced,14732,2,4,7
36,No,Sales,3,4,Marketing,1,2,Single,9278,3,3,5
31,Yes,Sales,1,4,Life Sciences,2,3,Single,1359,1,3,1
30,No,Sales,7,4,Marketing,4,1,Divorced,4779,7,3,3
31,No,Research & Development,8,5,Life Sciences,1,2,Single,16422,3,4,3
34,No,Research & Development,1,4,Other,4,1,Divorced,2996,5,3,4
31,Yes,Research & Development,8,3,Life Sciences,1,2,Single,1261,1,4,1
27,No,Research & Development,11,1,Life Sciences,2,1,Married,2099,0,4,5
36,No,Research & Development,4,4,Life Sciences,1,4,Single,5810,1,2,10
36,No,Sales,16,4,Marketing,3,1,Married,5647,4,2,3
47,No,Research & Development,1,3,Technical Degree,1,4,Married,3420,7,2,6
25,Yes,Sales,9,2,Life Sciences,1,1,Married,4400,3,3,3
37,No,Research & Development,5,2,Technical Degree,3,3,Single,3500,0,1,6
56,No,Research & Development,1,2,Life Sciences,1,1,Married,2066,2,4,3
47,No,Research & Development,2,4,Medical,1,3,Married,17169,3,4,20
24,No,Sales,4,1,Medical,4,3,Married,4162,1,3,5
32,No,Sales,7,5,Marketing,4,4,Married,9204,4,2,4
34,No,Research & Development,1,3,Life Sciences,4,2,Married,3294,5,2,5
41,No,Research & Development,5,5,Medical,2,3,Married,2127,2,2,4
40,No,Research & Development,9,4,Other,3,3,Divorced,3975,3,4,8
31,No,Sales,8,2,Life Sciences,1,4,Divorced,10793,1,3,13
46,Yes,Sales,9,3,Marketing,1,4,Divorced,10096,4,4,7
39,Yes,Research & Development,2,3,Life Sciences,1,1,Single,3646,2,4,1
31,Yes,Research & Development,1,5,Life Sciences,3,2,Single,7446,1,3,10
45,No,Research & Development,20,3,Medical,2,1,Divorced,10851,2,3,7
31,No,Human Resources,8,2,Medical,4,2,Single,2109,9,3,3
31,Yes,Research & Development,2,3,Life Sciences,2,4,Married,3722,6,1,2
45,No,Research & Development,29,3,Technical Degree,2,4,Married,9380,4,4,3
48,No,Sales,7,3,Marketing,3,1,Divorced,5486,4,3,2
34,Yes,Human Resources,9,4,Technical Degree,1,3,Married,2742,1,3,2
40,No,Research & Development,8,1,Medical,4,2,Divorced,13757,2,3,9
28,No,Sales,5,3,Medical,4,1,Single,8463,0,3,5
44,No,Research & Development,5,3,Life Sciences,3,3,Single,3162,3,3,5
53,No,Research & Development,2,3,Medical,4,2,Single,16598,4,2,9
49,No,Research & Development,5,4,Technical Degree,1,3,Married,6651,2,2,3
40,No,Research & Development,2,3,Medical,3,3,Divorced,2345,2,4,3
44,No,Research & Development,20,3,Life Sciences,4,2,Single,3420,1,2,5
33,No,Sales,7,3,Medical,4,1,Married,4373,0,3,4
34,No,Sales,3,3,Other,4,1,Single,4759,3,3,13
30,No,Sales,16,1,Life Sciences,4,3,Married,5301,8,2,2
42,No,Research & Development,9,2,Medical,1,4,Single,3673,1,3,12
44,No,Sales,1,5,Marketing,1,3,Married,4768,7,2,1
30,No,Research & Development,7,3,Technical Degree,3,3,Divorced,1274,1,2,1
57,No,Research & Development,1,2,Life Sciences,2,3,Married,4900,0,2,12
49,No,Research & Development,7,4,Life Sciences,3,2,Divorced,10466,3,3,8
34,No,Research & Development,15,3,Medical,2,1,Divorced,17007,7,2,14
28,Yes,Sales,1,3,Technical Degree,1,3,Married,2909,3,4,3
29,Yes,Sales,13,3,Technical Degree,1,2,Single,5765,5,1,5
34,Yes,Sales,24,4,Medical,1,2,Single,4599,0,4,15
35,No,Sales,7,1,Life Sciences,4,3,Married,2404,1,3,1
24,Yes,Research & Development,9,3,Medical,2,1,Single,3172,2,2,0
24,No,Sales,13,2,Life Sciences,4,2,Married,2033,1,3,1
44,No,Research & Development,2,1,Medical,2,3,Single,10209,5,2,2
29,No,Sales,19,3,Life Sciences,3,3,Divorced,8620,1,3,10
30,No,Human Resources,1,3,Life Sciences,3,3,Divorced,2064,0,4,5
55,No,Research & Development,4,4,Life Sciences,4,3,Married,4035,0,3,3
33,No,Research & Development,4,4,Medical,1,2,Married,3838,8,3,5
47,No,Sales,14,3,Medical,3,3,Married,4591,3,2,5
28,Yes,Research & Development,2,2,Medical,3,1,Single,2561,7,2,0
28,No,Research & Development,1,3,Life Sciences,1,3,Divorced,1563,1,1,1
28,No,Sales,7,3,Life Sciences,3,1,Single,4898,0,3,4
49,No,Research & Development,3,2,Medical,3,1,Married,4789,4,3,3
29,No,Research & Development,2,1,Life Sciences,4,2,Married,3180,0,3,3
28,No,Research & Development,29,1,Life Sciences,3,2,Married,6549,1,2,8
33,No,Research & Development,8,5,Life Sciences,4,3,Single,6388,2,3,0
32,No,Research & Development,10,3,Medical,3,4,Single,11244,2,4,5
54,No,Research & Development,11,4,Medical,2,4,Divorced,16032,3,3,14
29,Yes,Research & Development,1,4,Technical Degree,1,1,Single,2362,6,1,9
44,No,Research & Development,28,3,Life Sciences,4,1,Married,16328,3,4,20
39,No,Research & Development,6,3,Life Sciences,2,2,Single,8376,4,3,2
46,No,Sales,3,3,Life Sciences,3,2,Married,16606,8,4,13
35,No,Research & Development,16,3,Life Sciences,4,2,Single,8606,1,1,11
23,No,Research & Development,20,1,Life Sciences,1,3,Single,2272,0,3,4
40,Yes,Research & Development,9,4,Life Sciences,4,1,Single,2018,3,1,5
34,No,Sales,1,3,Technical Degree,4,3,Married,7083,1,3,10
31,Yes,Research & Development,3,3,Life Sciences,4,3,Single,4084,1,1,7
50,No,Research & Development,22,5,Medical,3,4,Single,14411,1,3,32
34,No,Sales,7,2,Technical Degree,2,3,Married,2308,0,3,11
42,No,Research & Development,2,3,Medical,3,2,Married,4841,4,3,1
37,No,Research & Development,13,3,Medical,1,4,Married,4285,1,3,10
29,No,Research & Development,8,1,Other,3,1,Married,9715,3,3,7
33,No,Research & Development,25,3,Life Sciences,4,2,Single,4320,1,3,5
45,No,Research & Development,28,3,Technical Degree,4,4,Married,2132,4,3,5
42,No,Research & Development,2,3,Life Sciences,4,4,Married,10124,2,1,20
40,No,Sales,9,2,Medical,1,1,Married,5473,0,4,8
33,No,Research & Development,28,4,Life Sciences,2,3,Married,5207,1,3,15
40,No,Human Resources,6,2,Medical,3,4,Single,16437,1,3,21
24,No,Research & Development,21,2,Technical Degree,3,1,Divorced,2296,0,3,1
40,No,Research & Development,8,2,Life Sciences,4,4,Divorced,4069,3,3,2
45,No,Research & Development,1,4,Technical Degree,1,2,Divorced,7441,1,3,10
35,No,Sales,28,4,Life Sciences,2,3,Married,2430,0,3,5
32,No,Research & Development,5,2,Life Sciences,4,2,Married,5878,3,3,7
36,No,Sales,2,4,Life Sciences,3,4,Single,2644,3,2,3
48,No,Sales,16,4,Life Sciences,3,3,Divorced,6439,8,3,8
29,No,Research & Development,9,3,Life Sciences,3,3,Married,2451,6,2,1
33,No,Sales,8,4,Life Sciences,1,1,Married,6392,2,1,2
30,Yes,Sales,1,3,Life Sciences,2,1,Married,9714,1,3,10
38,No,Human Resources,10,4,Human Resources,3,3,Married,6077,3,3,6
35,No,Research & Development,1,3,Medical,4,1,Single,2450,1,3,3
30,No,Sales,29,4,Technical Degree,3,2,Married,9250,3,3,4
35,Yes,Research & Development,2,3,Life Sciences,1,1,Divorced,2074,1,3,1
53,Yes,Research & Development,2,5,Technical Degree,3,4,Married,10169,0,3,33
38,Yes,Research & Development,2,3,Medical,3,2,Married,4855,4,3,5
32,No,Research & Development,1,4,Technical Degree,4,1,Married,4087,4,2,6
48,No,Research & Development,15,4,Other,3,1,Married,2367,8,2,8
34,No,Research & Development,7,4,Medical,1,4,Single,2972,1,1,1
55,No,Sales,26,5,Marketing,3,4,Married,19586,1,3,36
34,No,Research & Development,1,4,Life Sciences,2,4,Married,5484,9,2,2
26,No,Research & Development,3,3,Life Sciences,1,4,Married,2061,1,3,1
38,No,Sales,14,3,Life Sciences,3,2,Married,9924,0,3,9
38,No,Sales,16,3,Life Sciences,2,2,Single,4198,2,4,3
36,No,Sales,1,4,Life Sciences,2,3,Single,6815,6,3,1
29,No,Research & Development,3,1,Medical,2,1,Single,4723,1,3,10
35,No,Research & Development,10,4,Medical,1,3,Single,6142,3,3,5
39,No,Sales,6,3,Medical,4,3,Married,8237,2,3,7
29,No,Research & Development,2,1,Life Sciences,1,4,Divorced,8853,1,4,6
50,No,Sales,9,3,Marketing,3,3,Married,19331,4,3,1
23,No,Research & Development,10,3,Technical Degree,4,3,Married,2073,2,3,2
36,No,Research & Development,6,4,Life Sciences,1,1,Married,5562,3,3,3
42,No,Research & Development,9,2,Other,4,4,Single,19613,8,3,1
35,No,Research & Development,28,3,Life Sciences,2,3,Married,3407,1,2,10
34,No,Research & Development,10,4,Technical Degree,4,3,Married,5063,1,2,8
40,No,Sales,14,2,Life Sciences,4,1,Married,4639,1,3,5
43,No,Research & Development,27,3,Technical Degree,4,2,Divorced,4876,5,3,6
35,No,Research & Development,7,2,Life Sciences,3,4,Married,2690,1,2,1
46,No,Sales,1,4,Life Sciences,4,1,Single,17567,1,1,26
28,Yes,Research & Development,24,3,Medical,3,2,Married,2408,1,3,1
22,No,Research & Development,26,2,Other,2,3,Married,2814,1,2,4
50,No,Research & Development,20,5,Medical,2,3,Married,11245,2,3,30
32,No,Research & Development,5,4,Other,2,4,Married,3312,3,3,3
44,No,Research & Development,7,3,Medical,2,4,Divorced,19049,0,2,22
30,No,Research & Development,7,3,Medical,2,2,Married,2141,1,2,6
45,No,Research & Development,5,5,Medical,3,1,Single,5769,1,3,10
45,No,Sales,26,3,Marketing,1,1,Married,4385,1,3,10
31,No,Sales,2,4,Other,4,1,Single,5332,7,3,5
36,No,Research & Development,12,4,Life Sciences,3,3,Married,4663,9,3,3
34,No,Research & Development,10,4,Life Sciences,3,4,Divorced,4724,1,3,9
49,No,Research & Development,25,4,Life Sciences,3,1,Married,3211,1,2,9
39,No,Research & Development,10,5,Medical,2,1,Married,5377,2,3,7
27,No,Research & Development,19,3,Other,4,1,Divorced,4066,1,3,7
35,No,Research & Development,18,5,Life Sciences,2,1,Married,5208,1,3,16
28,No,Research & Development,27,3,Medical,2,1,Divorced,4877,0,2,5
21,No,Research & Development,5,1,Medical,3,4,Single,3117,1,3,2
18,Yes,Sales,3,2,Medical,2,4,Single,1569,1,4,0
47,No,Human Resources,26,4,Life Sciences,4,3,Married,19658,3,3,5
39,No,Research & Development,3,2,Medical,3,3,Divorced,3069,0,3,10
40,No,Research & Development,15,3,Life Sciences,1,3,Married,10435,1,3,18
35,No,Research & Development,8,4,Life Sciences,3,3,Married,4148,1,3,14
37,No,Research & Development,19,3,Life Sciences,3,3,Married,5768,3,2,4
39,No,Research & Development,4,3,Medical,1,3,Single,5042,0,1,9
45,No,Research & Development,2,2,Other,4,4,Divorced,5770,1,3,10
38,No,Research & Development,2,2,Medical,4,3,Married,7756,3,4,5
35,Yes,Sales,10,3,Medical,4,1,Married,10306,9,3,13
37,No,Research & Development,10,3,Medical,2,2,Married,3936,1,1,8
40,No,Research & Development,16,3,Life Sciences,3,4,Single,7945,6,2,4
44,No,Human Resources,1,5,Human Resources,1,4,Married,5743,4,3,10
48,No,Research & Development,4,5,Medical,3,4,Married,15202,2,3,2
35,Yes,Sales,15,2,Medical,1,4,Divorced,5440,6,2,2
24,No,Research & Development,2,1,Technical Degree,1,4,Single,3760,1,3,6
27,No,Research & Development,8,3,Medical,2,3,Married,3517,7,3,3
27,No,Research & Development,2,3,Medical,4,4,Single,2580,2,2,4
40,Yes,Research & Development,7,3,Life Sciences,1,1,Single,2166,3,1,4
29,No,Sales,10,3,Medical,3,3,Single,5869,9,3,5
36,No,Research & Development,5,4,Life Sciences,2,1,Married,8008,4,3,3
25,No,Research & Development,2,1,Life Sciences,4,3,Divorced,5206,1,3,7
39,No,Research & Development,12,3,Medical,4,2,Married,5295,4,3,5
49,No,Research & Development,22,4,Other,1,2,Married,16413,3,3,4
50,No,Research & Development,17,5,Life Sciences,4,1,Divorced,13269,5,3,14
20,No,Sales,2,3,Medical,3,3,Single,2783,1,3,2
34,No,Research & Development,3,3,Life Sciences,4,2,Divorced,5433,1,3,11
36,No,Research & Development,7,3,Life Sciences,1,2,Single,2013,2,3,4
49,No,Research & Development,6,1,Life Sciences,3,3,Married,13966,2,3,15
36,No,Research & Development,1,4,Medical,4,3,Married,4374,0,3,3
36,No,Research & Development,3,2,Life Sciences,4,1,Divorced,6842,6,3,5
54,No,Research & Development,22,5,Medical,2,3,Married,17426,3,3,10
43,No,Research & Development,15,2,Life Sciences,3,3,Married,17603,1,3,14
35,Yes,Sales,12,4,Other,4,4,Single,4581,3,4,11
38,No,Research & Development,1,3,Life Sciences,4,4,Married,4735,7,4,13
29,No,Sales,5,3,Medical,1,2,Divorced,4187,1,2,10
33,No,Sales,2,4,Medical,4,4,Divorced,5505,1,3,6
32,No,Research & Development,2,3,Medical,4,2,Divorced,5470,0,2,9
31,No,Sales,5,4,Life Sciences,1,4,Married,5476,1,3,10
49,No,Research & Development,16,3,Medical,4,1,Divorced,2587,4,2,2
38,No,Research & Development,2,3,Medical,4,2,Single,2440,1,3,4
47,No,Sales,2,4,Life Sciences,2,2,Divorced,15972,6,3,3
49,No,Research & Development,1,3,Life Sciences,3,3,Single,15379,4,3,8
41,No,Sales,23,2,Life Sciences,4,3,Single,7082,3,3,2
20,No,Sales,9,1,Life Sciences,4,1,Single,2728,1,3,2
33,No,Sales,16,3,Life Sciences,3,4,Divorced,5368,1,3,6
36,No,Research & Development,26,4,Life Sciences,1,3,Married,5347,6,2,3
44,No,Human Resources,1,3,Life Sciences,3,4,Divorced,3195,4,3,2
23,Yes,Research & Development,8,1,Medical,4,3,Single,3989,1,3,5
38,No,Research & Development,4,2,Medical,4,3,Married,3306,7,2,0
53,No,Research & Development,24,4,Medical,2,4,Married,7005,3,3,4
48,Yes,Sales,7,2,Medical,4,3,Married,2655,2,3,9
32,Yes,Research & Development,2,4,Life Sciences,4,2,Single,1393,1,3,1
26,No,Research & Development,7,3,Medical,4,4,Single,2570,1,3,7
55,No,Research & Development,22,3,Technical Degree,1,2,Divorced,3537,5,3,4
34,No,Research & Development,5,2,Medical,2,4,Married,3986,1,4,15
60,No,Research & Development,1,4,Medical,3,4,Divorced,10883,3,4,1
33,No,Research & Development,21,3,Medical,2,2,Married,2028,1,3,14
37,No,Sales,1,4,Medical,3,4,Divorced,9525,1,2,6
34,No,Research & Development,19,3,Life Sciences,2,4,Married,2929,1,3,10
23,Yes,Sales,7,3,Life Sciences,3,4,Divorced,2275,1,3,3
44,No,Research & Development,2,3,Life Sciences,3,4,Married,7879,1,3,8
35,No,Research & Development,2,4,Medical,1,4,Single,4930,0,4,5
43,No,Sales,2,3,Medical,4,4,Married,7847,1,3,10
24,No,Research & Development,9,3,Medical,3,3,Married,4401,1,3,5
41,No,Sales,6,3,Marketing,4,3,Single,9241,1,3,10
29,No,Research & Development,9,4,Medical,4,3,Married,2974,9,3,5
36,No,Sales,2,4,Life Sciences,3,4,Single,4502,3,2,13
45,No,Research & Development,1,1,Life Sciences,3,3,Married,10748,3,2,23
24,Yes,Human Resources,22,1,Human Resources,4,3,Married,1555,1,3,1
47,Yes,Sales,9,3,Life Sciences,3,3,Married,12936,7,1,23
26,No,Research & Development,17,4,Medical,4,3,Married,2305,1,4,3
45,No,Research & Development,28,2,Technical Degree,4,2,Single,16704,1,3,21
32,No,Research & Development,10,3,Life Sciences,1,3,Married,3433,6,2,5
31,No,Research & Development,2,4,Life Sciences,2,3,Married,3477,1,4,5
41,No,Human Resources,4,3,Human Resources,3,2,Married,6430,6,3,3
40,No,Research & Development,8,2,Life Sciences,2,1,Married,6516,2,3,1
24,No,Research & Development,29,1,Medical,2,1,Divorced,3907,1,4,6
46,No,Research & Development,13,4,Life Sciences,3,2,Single,5562,6,3,10
35,No,Research & Development,27,4,Life Sciences,4,3,Married,6883,2,3,7
30,No,Research & Development,16,1,Life Sciences,2,4,Married,2862,1,2,10
47,No,Sales,2,4,Marketing,3,2,Married,4978,7,1,1
46,No,Sales,2,3,Life Sciences,3,4,Divorced,10368,4,2,10
36,Yes,Sales,13,5,Marketing,2,1,Divorced,6134,5,3,2
32,Yes,Sales,1,2,Life Sciences,1,2,Single,6735,6,3,0
23,No,Research & Development,4,1,Medical,3,2,Single,3295,1,1,3
31,No,Research & Development,24,1,Technical Degree,4,4,Single,5238,2,2,5
39,No,Research & Development,1,3,Life Sciences,4,4,Married,6472,1,3,9
32,No,Sales,19,3,Life Sciences,4,3,Married,9610,3,1,4
40,No,Sales,7,4,Medical,2,2,Single,19833,1,2,21
45,No,Human Resources,4,3,Life Sciences,3,3,Married,9756,4,4,5
30,No,Research & Development,2,4,Technical Degree,4,1,Single,4968,0,3,9
24,No,Human Resources,10,3,Medical,1,4,Married,2145,0,3,2
30,Yes,Human Resources,8,3,Human Resources,3,4,Divorced,2180,6,2,4
31,No,Sales,5,3,Technical Degree,1,3,Married,8346,1,3,5
27,No,Research & Development,8,3,Medical,3,4,Single,3445,1,2,6
29,Yes,Sales,9,3,Marketing,2,2,Single,2760,1,3,2
29,No,Research & Development,1,3,Life Sciences,4,3,Single,6294,8,4,3
30,No,Sales,15,2,Marketing,3,1,Divorced,7140,2,3,7
34,No,Research & Development,2,4,Medical,4,4,Married,2932,0,3,5
33,No,Sales,2,3,Marketing,4,2,Single,5147,8,2,11
49,No,Sales,11,4,Marketing,4,4,Single,4507,3,4,5
33,Yes,Sales,16,3,Life Sciences,1,1,Single,8564,2,2,0
38,No,Research & Development,2,2,Medical,3,2,Married,2468,4,2,6
31,Yes,Sales,16,4,Marketing,1,3,Married,8161,2,3,1
29,No,Research & Development,4,3,Technical Degree,4,1,Divorced,2109,1,3,1
30,No,Research & Development,16,3,Life Sciences,3,3,Married,5294,3,3,7
32,No,Research & Development,5,4,Technical Degree,2,2,Single,2718,2,3,7
38,No,Research & Development,18,3,Medical,2,4,Married,5811,3,3,1
43,Yes,Research & Development,17,3,Technical Degree,3,3,Married,2437,9,3,1
42,No,Research & Development,12,3,Medical,2,2,Divorced,2766,8,2,5
55,No,Research & Development,2,3,Medical,3,1,Married,19038,8,3,1
33,No,Research & Development,4,3,Technical Degree,4,2,Divorced,3055,5,2,9
41,No,Research & Development,9,4,Life Sciences,3,1,Divorced,2289,1,3,5
34,No,Sales,10,3,Life Sciences,4,3,Divorced,4001,1,3,15
53,No,Research & Development,1,4,Medical,1,3,Married,12965,4,2,3
43,No,Human Resources,2,3,Life Sciences,2,4,Single,3539,0,3,9
34,No,Sales,3,2,Life Sciences,4,4,Single,6029,5,3,2
21,Yes,Sales,7,1,Marketing,2,2,Single,2679,1,3,1
38,No,Research & Development,6,2,Other,4,3,Married,3702,1,3,5
22,Yes,Research & Development,8,1,Medical,3,1,Married,2398,1,3,1
31,No,Sales,29,4,Marketing,1,4,Married,5468,1,3,12
51,No,Research & Development,3,3,Technical Degree,1,3,Married,13116,2,3,2
37,No,Sales,9,2,Marketing,2,2,Married,4189,1,3,5
46,No,Research & Development,2,4,Medical,3,4,Divorced,19328,7,3,2
36,No,Research & Development,10,3,Life Sciences,4,1,Married,8321,7,3,12
44,Yes,Research & Development,1,2,Medical,3,2,Divorced,2342,1,2,5
37,No,Human Resources,8,2,Other,3,2,Divorced,4071,2,2,10
35,Yes,Sales,27,3,Life Sciences,3,4,Single,5813,1,3,10
33,No,Research & Development,8,4,Life Sciences,4,1,Married,3143,6,3,10
28,No,Research & Development,1,3,Life Sciences,3,4,Married,2044,1,4,5
39,No,Research & Development,10,1,Medical,3,3,Single,13464,7,3,4
46,No,Sales,26,2,Life Sciences,2,2,Single,7991,8,3,2
40,No,Research & Development,2,2,Life Sciences,3,1,Married,3377,4,2,4
42,No,Research & Development,13,3,Medical,2,1,Married,5538,5,2,0
35,No,Research & Development,2,2,Medical,2,4,Divorced,5762,2,3,7
38,No,Human Resources,2,3,Human Resources,1,2,Divorced,2592,5,3,11
34,Yes,Research & Development,9,4,Life Sciences,4,1,Married,5346,4,2,7
37,Yes,Research & Development,10,4,Medical,4,1,Single,4213,1,1,10
39,No,Sales,20,3,Life Sciences,3,4,Divorced,4127,2,3,2
43,No,Research & Development,9,3,Life Sciences,1,3,Single,2438,4,2,3
41,No,Research & Development,5,3,Life Sciences,2,2,Single,6870,3,1,3
41,No,Sales,4,1,Marketing,3,3,Divorced,10447,0,4,22
30,No,Research & Development,10,3,Medical,1,3,Single,9667,9,3,7
26,Yes,Human Resources,20,2,Medical,4,2,Married,2148,0,3,5
46,Yes,Research & Development,21,2,Medical,4,2,Married,8926,4,4,9
40,No,Research & Development,1,3,Life Sciences,3,4,Divorced,6513,4,3,5
34,No,Sales,8,2,Technical Degree,2,3,Married,6799,1,3,10
58,No,Sales,2,3,Medical,2,2,Divorced,16291,4,2,16
35,No,Research & Development,23,4,Medical,2,3,Married,2705,0,4,5
47,No,Research & Development,4,3,Life Sciences,3,2,Divorced,10333,8,3,22
40,No,Research & Development,12,3,Life Sciences,2,1,Divorced,4448,2,3,7
54,No,Research & Development,7,4,Medical,4,4,Married,6854,4,2,7
31,No,Sales,7,4,Marketing,1,1,Married,9637,2,3,3
28,No,Research & Development,1,3,Medical,3,1,Married,3591,1,3,3
38,No,Sales,2,4,Marketing,2,4,Married,5405,2,2,4
26,No,Sales,10,3,Medical,3,4,Single,4684,1,3,5
58,No,Research & Development,15,4,Life Sciences,1,3,Married,15787,2,3,2
18,No,Research & Development,14,3,Medical,2,3,Single,1514,1,1,0
31,Yes,Human Resources,18,5,Human Resources,4,1,Married,2956,0,3,1
29,Yes,Human Resources,13,3,Human Resources,1,1,Divorced,2335,4,3,2
45,No,Sales,2,4,Life Sciences,3,3,Married,5154,4,4,8
36,No,Research & Development,2,4,Other,4,2,Married,6962,4,3,1
43,No,Sales,2,4,Life Sciences,1,4,Married,5675,1,3,7
27,No,Research & Development,5,2,Life Sciences,4,4,Single,2379,0,2,5
29,No,Research & Development,20,1,Medical,4,4,Married,3812,1,4,11
32,No,Sales,10,4,Marketing,4,4,Single,4648,8,4,0
42,No,Research & Development,10,4,Technical Degree,3,3,Married,2936,3,2,6
47,No,Research & Development,9,4,Life Sciences,2,3,Single,2105,4,3,2
46,No,Research & Development,2,2,Life Sciences,4,4,Divorced,8578,3,2,9
28,No,Human Resources,1,2,Life Sciences,3,4,Divorced,2706,1,3,3
29,No,Research & Development,29,1,Life Sciences,4,3,Divorced,6384,8,3,7
42,No,Research & Development,8,3,Life Sciences,4,3,Single,3968,4,3,0
32,Yes,Sales,2,4,Marketing,3,2,Single,9907,7,2,2
46,No,Sales,3,3,Technical Degree,1,1,Divorced,13225,2,3,19
27,No,Sales,23,1,Medical,2,3,Married,3540,1,3,9
29,No,Human Resources,6,1,Medical,4,2,Married,2804,1,3,1
43,No,Research & Development,6,3,Medical,1,3,Married,19392,7,3,16
48,No,Research & Development,10,3,Life Sciences,4,2,Married,19665,4,3,22
29,Yes,Research & Development,24,2,Life Sciences,4,4,Single,2439,1,2,1
46,Yes,Sales,10,3,Life Sciences,3,2,Married,7314,5,3,8
27,No,Research & Development,15,3,Life Sciences,4,1,Married,4774,0,2,7
39,No,Research & Development,19,4,Other,4,4,Divorced,3902,8,3,2
55,No,Research & Development,2,4,Technical Degree,2,4,Married,2662,8,4,5
28,No,Sales,3,3,Medical,2,2,Married,2856,1,3,1
30,Yes,Sales,9,3,Medical,2,4,Single,1081,1,2,1
22,Yes,Research & Development,7,1,Life Sciences,4,2,Single,2472,1,3,1
36,No,Sales,10,4,Technical Degree,2,3,Married,5673,1,3,10
31,No,Research & Development,20,3,Life Sciences,2,3,Divorced,4197,1,3,10
34,No,Sales,4,3,Life Sciences,3,4,Married,9713,2,3,5
29,No,Research & Development,7,3,Life Sciences,4,1,Single,2062,3,3,3
37,No,Research & Development,7,4,Medical,4,1,Married,4284,5,3,5
35,No,Research & Development,16,2,Other,4,2,Married,4788,0,3,3
45,No,Research & Development,25,2,Life Sciences,2,4,Married,5906,0,2,9
36,No,Human Resources,2,1,Human Resources,2,4,Single,3886,1,2,10
40,No,Research & Development,1,4,Life Sciences,1,1,Divorced,16823,2,3,19
26,No,Research & Development,1,2,Life Sciences,2,3,Married,2933,1,2,1
27,No,Sales,2,2,Medical,1,3,Single,6500,0,2,8
48,No,Research & Development,22,3,Medical,4,4,Divorced,17174,3,3,22
44,No,Research & Development,1,4,Life Sciences,2,1,Married,5033,2,3,2
34,Yes,Research & Development,16,4,Technical Degree,4,1,Married,2307,1,3,5
56,Yes,Research & Development,24,2,Life Sciences,1,4,Single,2587,1,3,4
36,No,Sales,17,2,Marketing,3,2,Married,5507,2,1,4
41,No,Sales,8,3,Marketing,3,2,Married,4393,5,3,5
42,No,Research & Development,6,3,Medical,3,1,Married,13348,9,4,13
31,No,Sales,10,2,Medical,3,4,Divorced,6583,2,3,5
34,No,Sales,3,1,Medical,4,4,Married,8103,3,2,4
31,No,Research & Development,4,3,Medical,1,3,Divorced,3978,8,2,2
26,No,Research & Development,6,3,Other,3,4,Married,2544,0,3,7
45,No,Research & Development,1,4,Medical,2,3,Single,5399,4,3,4
33,No,Sales,10,4,Marketing,2,3,Single,5487,1,2,10
28,No,Sales,1,2,Life Sciences,3,4,Married,6834,1,3,7
29,Yes,Sales,24,3,Technical Degree,3,1,Single,1091,1,3,1
39,No,Sales,21,4,Life Sciences,1,3,Married,5736,6,3,3
27,No,Research & Development,2,4,Technical Degree,2,2,Married,2226,1,2,5
34,No,Research & Development,22,4,Other,3,4,Married,5747,1,3,15
28,Yes,Sales,13,2,Marketing,4,3,Single,9854,3,3,2
47,No,Research & Development,14,4,Technical Degree,3,2,Married,5467,8,4,8
56,No,Sales,11,5,Marketing,4,1,Married,5380,4,3,0
39,No,Research & Development,9,2,Medical,1,1,Married,5151,1,3,10
38,No,Research & Development,8,3,Medical,4,2,Divorced,2133,1,3,20
58,No,Sales,21,3,Life Sciences,4,4,Married,17875,4,2,1
32,Yes,Research & Development,5,2,Life Sciences,1,3,Single,2432,3,3,4
38,No,Research & Development,9,2,Life Sciences,2,4,Divorced,4771,2,4,5
49,No,Research & Development,2,1,Life Sciences,2,4,Married,19161,3,3,5
42,No,Sales,12,4,Marketing,2,4,Divorced,5087,3,3,0
27,Yes,Human Resources,22,3,Human Resources,1,2,Married,2863,1,3,1
35,No,Sales,18,4,Medical,2,1,Married,5561,0,1,5
28,No,Research & Development,16,3,Medical,3,3,Single,2144,1,2,5
31,No,Research & Development,3,2,Medical,3,1,Divorced,3065,1,4,4
36,No,Research & Development,9,4,Life Sciences,1,2,Married,2810,1,3,5
34,No,Sales,1,3,Marketing,1,4,Single,9888,1,2,14
34,No,Sales,13,4,Medical,4,3,Divorced,8628,1,2,8
26,No,Research & Development,1,3,Medical,3,1,Single,2867,0,2,7
29,No,Research & Development,1,3,Life Sciences,1,1,Married,5373,0,2,5
32,No,Research & Development,15,4,Medical,3,4,Divorced,6667,5,3,5
31,No,Research & Development,1,3,Life Sciences,4,1,Married,5003,1,3,10
28,Yes,Research & Development,17,3,Technical Degree,3,4,Divorced,2367,5,2,4
38,No,Sales,1,3,Life Sciences,1,1,Single,2858,4,2,1
35,No,Sales,7,4,Life Sciences,3,4,Married,5204,1,3,10
27,No,Sales,9,3,Marketing,4,4,Single,4105,1,3,7
32,No,Research & Development,5,4,Life Sciences,4,4,Single,9679,8,3,1
31,Yes,Sales,26,4,Marketing,1,4,Married,5617,1,3,10
53,Yes,Sales,24,4,Life Sciences,1,1,Single,10448,6,2,2
54,No,Research & Development,9,2,Life Sciences,1,3,Married,2897,3,2,4
33,No,Research & Development,7,2,Life Sciences,4,3,Divorced,5968,1,3,9
43,No,Research & Development,11,3,Life Sciences,1,3,Married,7510,1,3,10
38,No,Human Resources,1,4,Other,4,2,Married,2991,0,3,6
55,No,Human Resources,26,4,Human Resources,3,2,Married,19636,4,3,10
31,No,Research & Development,2,1,Medical,4,4,Divorced,1129,1,3,1
39,No,Sales,15,4,Marketing,2,1,Single,13341,0,3,20
42,No,Research & Development,23,2,Life Sciences,4,3,Single,4332,1,3,20
31,No,Research & Development,10,3,Medical,3,3,Married,11031,4,4,11
54,No,Research & Development,10,3,Medical,3,1,Single,4440,6,3,5
24,No,Research & Development,1,2,Life Sciences,2,3,Single,4617,1,2,4
23,No,Research & Development,12,2,Other,4,4,Single,2647,1,4,5
40,No,Research & Development,11,3,Technical Degree,4,3,Married,6323,1,4,10
40,No,Sales,2,2,Marketing,2,2,Married,5677,3,3,11
25,No,Human Resources,2,3,Human Resources,3,2,Married,2187,4,3,2
30,No,Research & Development,1,2,Medical,4,2,Married,3748,1,2,12
25,No,Research & Development,2,1,Other,4,3,Divorced,3977,6,2,2
47,No,Research & Development,25,3,Medical,1,3,Single,8633,2,3,17
33,No,Research & Development,1,2,Medical,2,3,Divorced,2008,1,2,1
38,No,Sales,1,4,Life Sciences,4,2,Married,4440,0,3,15
31,No,Sales,2,2,Life Sciences,1,3,Married,3067,0,3,2
38,No,Research & Development,6,4,Life Sciences,1,3,Married,5321,2,3,8
42,No,Research & Development,18,4,Life Sciences,4,1,Divorced,5410,6,2,4
41,No,Research & Development,1,3,Life Sciences,4,4,Married,2782,3,3,5
47,No,Research & Development,1,1,Medical,3,2,Married,11957,0,1,13
35,No,Research & Development,11,4,Medical,4,3,Married,2660,7,3,2
22,No,Research & Development,1,2,Life Sciences,4,3,Single,3375,0,4,3
35,No,Research & Development,9,4,Medical,2,3,Single,5098,1,3,10
33,No,Research & Development,15,2,Medical,2,4,Married,4878,0,3,9
32,No,Research & Development,29,4,Life Sciences,3,2,Single,2837,1,3,6
40,No,Research & Development,1,4,Life Sciences,1,4,Married,2406,8,2,1
32,No,Sales,1,4,Medical,2,2,Married,2269,0,3,2
39,No,Research & Development,24,1,Life Sciences,1,4,Single,4108,7,3,7
38,No,Research & Development,10,3,Medical,2,3,Married,13206,3,3,18
32,No,Sales,1,4,Marketing,3,4,Married,10422,1,3,14
37,No,Research & Development,10,3,Life Sciences,3,4,Married,13744,1,3,16
25,No,Sales,8,2,Other,1,3,Divorced,4907,0,2,5
52,No,Sales,29,4,Life Sciences,1,4,Divorced,3482,2,2,9
44,No,Research & Development,1,3,Medical,2,4,Single,2436,6,3,4
21,No,Sales,5,1,Medical,3,1,Single,2380,1,3,2
39,No,Research & Development,9,3,Life Sciences,4,4,Single,19431,2,2,6
23,Yes,Sales,9,3,Marketing,4,1,Married,1790,1,2,1
36,No,Sales,3,3,Medical,1,4,Married,7644,0,3,9
36,No,Research & Development,4,2,Life Sciences,4,2,Divorced,5131,7,3,4
56,No,Research & Development,1,4,Life Sciences,3,3,Divorced,6306,1,2,13
29,Yes,Research & Development,1,4,Medical,1,4,Married,4787,9,4,2
42,No,Research & Development,2,3,Life Sciences,1,3,Married,18880,5,2,22
56,Yes,Research & Development,7,2,Technical Degree,4,3,Married,2339,8,1,10
41,No,Research & Development,28,4,Life Sciences,1,2,Married,13570,0,3,20
34,No,Sales,28,3,Marketing,4,3,Married,6712,1,3,8
36,No,Sales,15,4,Marketing,4,4,Divorced,5406,1,2,15
41,No,Sales,3,3,Life Sciences,3,2,Divorced,8938,2,3,5
32,No,Research & Development,2,3,Technical Degree,4,1,Single,2439,1,3,4
35,No,Human Resources,26,4,Life Sciences,3,4,Single,8837,1,3,9
38,No,Sales,10,2,Life Sciences,1,4,Married,5343,1,3,10
50,Yes,Sales,1,4,Life Sciences,2,3,Divorced,6728,7,3,6
36,No,Sales,11,4,Marketing,2,4,Married,6652,4,2,6
45,No,Sales,20,3,Life Sciences,4,3,Single,4850,8,3,5
40,No,Research & Development,2,4,Life Sciences,3,3,Single,2809,2,3,2
35,No,Research & Development,18,4,Life Sciences,3,3,Married,5689,1,4,10
40,No,Research & Development,2,4,Medical,3,3,Married,2001,2,3,5
35,No,Research & Development,1,4,Life Sciences,3,4,Married,2977,1,3,4
29,No,Research & Development,13,2,Other,4,2,Married,4025,4,3,4
29,No,Research & Development,28,4,Medical,4,1,Single,3785,1,1,5
50,Yes,Sales,28,3,Marketing,4,1,Divorced,10854,4,3,3
39,No,Sales,24,1,Marketing,2,4,Married,12031,0,2,20
31,No,Research & Development,5,3,Medical,2,1,Single,9936,0,3,9
26,No,Sales,5,3,Other,4,3,Single,2966,0,3,4
36,No,Research & Development,23,2,Medical,3,4,Married,2571,4,3,5
39,No,Research & Development,6,1,Medical,4,1,Married,9991,4,3,7
27,No,Research & Development,4,3,Life Sciences,2,2,Married,6142,1,3,6
49,No,Sales,2,3,Medical,4,2,Married,5390,2,2,9
34,No,Research & Development,8,3,Medical,2,3,Married,4404,2,4,4
